2013-04-19 15:45:10,709,1366411510.709000,35.60, 37.50, 4.85
2013-04-19 15:45:11,769,1366411511.770000,35.60, 37.50, 4.54
2013-04-19 15:45:12,831,1366411512.831000,35.40, 36.90, 4.47
2013-04-19 15:45:13,907,1366411513.907000,35.10, 36.90, 4.44
2013-04-19 15:45:14,983,1366411514.984000,34.70, 36.00, 4.43
2013-04-19 15:45:16,075,1366411516.076000,34.30, 35.40, 4.42
2013-04-19 15:45:17,137,1366411517.137000,33.70, 34.50, 4.41
2013-04-19 15:45:18,213,1366411518.213000,33.20, 33.90, 4.40
2013-04-19 15:45:19,289,1366411519.289000,32.60, 33.30, 4.40
2013-04-19 15:45:20,349,1366411520.350000,32.00, 32.70, 4.39
2013-04-19 15:45:21,441,1366411521.442000,31.50, 32.10, 4.39
2013-04-19 15:45:22,503,1366411522.503000,30.90, 31.20, 4.39
2013-04-19 15:45:23,563,1366411523.564000,30.30, 30.90, 4.39
2013-04-19 15:45:24,625,1366411524.625000,29.70, 30.30, 4.39
2013-04-19 15:45:25,684,1366411525.685000,29.10, 29.70, 4.39
2013-04-19 15:45:26,746,1366411526.746000,28.60, 29.10, 4.39
2013-04-19 15:45:27,806,1366411527.807000,28.00, 28.20, 4.39
2013-04-19 15:45:28,868,1366411528.868000,27.40, 27.60, 4.38
2013-04-19 15:45:29,928,1366411529.929000,26.90, 27.30, 4.38
2013-04-19 15:45:30,989,1366411530.989000,26.30, 26.70, 4.38
2013-04-19 15:45:32,049,1366411532.050000,25.80, 26.40, 4.38
2013-04-19 15:45:33,111,1366411533.111000,25.30, 25.80, 4.38
2013-04-19 15:45:34,187,1366411534.187000,24.70, 24.90, 4.38
2013-04-19 15:45:35,247,1366411535.248000,24.20, 24.90, 4.38
2013-04-19 15:45:36,309,1366411536.309000,23.70, 24.30, 4.38
2013-04-19 15:45:37,369,1366411537.370000,23.20, 23.70, 4.38
2013-04-19 15:45:38,430,1366411538.431000,22.70, 23.10, 4.37
2013-04-19 15:45:39,490,1366411539.491000,22.20, 22.80, 4.38
2013-04-19 15:45:40,552,1366411540.552000,21.70, 22.20, 4.38
2013-04-19 15:45:41,612,1366411541.613000,21.20, 21.60, 4.37
2013-04-19 15:45:42,674,1366411542.674000,20.70, 21.30, 4.37
2013-04-19 15:45:43,734,1366411543.735000,20.30, 20.70, 4.37
2013-04-19 15:45:44,795,1366411544.795000,19.80, 20.10, 4.37
2013-04-19 15:45:45,855,1366411545.856000,19.30, 20.10, 4.37
2013-04-19 15:45:46,917,1366411546.917000,18.90, 19.50, 4.37
2013-04-19 15:45:47,977,1366411547.978000,18.40, 18.90, 4.37
2013-04-19 15:45:49,039,1366411549.039000,18.00, 18.60, 4.37
2013-04-19 15:45:50,098,1366411550.099000,17.60, 18.30, 4.37
2013-04-19 15:45:51,160,1366411551.160000,17.10, 17.70, 4.37
2013-04-19 15:45:52,220,1366411552.221000,16.70, 17.10, 4.37
2013-04-19 15:45:53,282,1366411553.282000,16.30, 17.10, 1.10
2013-04-19 15:45:54,342,1366411554.343000,15.90, 16.50, 4.37
2013-04-19 15:45:55,403,1366411555.403000,15.40, 16.20, 4.37
2013-04-19 15:45:56,463,1366411556.464000,15.00, 15.60, 4.37
2013-04-19 15:45:57,525,1366411557.525000,14.60, 15.30, 4.37
2013-04-19 15:45:58,585,1366411558.586000,14.20, 15.00, 4.36
2013-04-19 15:45:59,647,1366411559.647000,13.80, 14.40, 4.36
2013-04-19 15:46:00,707,1366411560.708000,13.40, 14.10, 4.36
2013-04-19 15:46:01,767,1366411561.768000,13.10, 13.80, 4.36
2013-04-19 15:46:02,828,1366411562.829000,12.70, 12.90, 4.36
2013-04-19 15:46:03,890,1366411563.890000,12.30, 12.90, 4.36
2013-04-19 15:46:04,950,1366411564.951000,11.90, 12.30, 4.36
2013-04-19 15:46:06,012,1366411566.012000,11.60, 12.30, 4.36
2013-04-19 15:46:07,072,1366411567.072000,11.20, 11.70, 4.36
2013-04-19 15:46:08,132,1366411568.133000,10.80, 11.70, 4.36
2013-04-19 15:46:09,194,1366411569.194000,10.50, 11.40, 4.36
2013-04-19 15:46:10,255,1366411570.255000,10.10, 11.10, 4.36
2013-04-19 15:46:11,315,1366411571.316000,9.80, 10.20, 4.36
2013-04-19 15:46:12,375,1366411572.376000,9.40, 10.50, 4.36
2013-04-19 15:46:13,437,1366411573.437000,9.10, 9.90, 4.36
2013-04-19 15:46:14,497,1366411574.498000,8.70, 9.60, 4.36
2013-04-19 15:46:15,559,1366411575.559000,8.40, 9.30, 4.36
2013-04-19 15:46:16,619,1366411576.620000,8.10, 8.70, 4.36
2013-04-19 15:46:17,680,1366411577.680000,7.70, 8.40, 4.36
2013-04-19 15:46:18,740,1366411578.741000,7.40, 8.10, 4.36
2013-04-19 15:46:19,802,1366411579.802000,7.10, 7.80, 4.36
2013-04-19 15:46:20,862,1366411580.863000,6.80, 7.50, 4.36
2013-04-19 15:46:21,924,1366411581.924000,6.50, 7.20, 4.36
2013-04-19 15:46:22,983,1366411582.984000,6.10, 7.20, 4.36
2013-04-19 15:46:24,045,1366411584.045000,5.80, 6.60, 4.36
2013-04-19 15:46:25,105,1366411585.106000,5.50, 6.30, 4.35
2013-04-19 15:46:26,167,1366411586.167000,5.20, 6.00, 4.36
2013-04-19 15:46:27,227,1366411587.228000,4.90, 6.00, 4.36
2013-04-19 15:46:28,303,1366411588.304000,4.60, -1.80, 4.35
2013-04-19 15:46:29,365,1366411589.365000,4.30, 5.10, 4.35
2013-04-19 15:46:30,426,1366411590.426000,4.00, 4.80, 4.36
2013-04-19 15:46:31,486,1366411591.486000,3.70, 4.80, 4.36
2013-04-19 15:46:32,546,1366411592.547000,3.40, 4.50, 4.35
2013-04-19 15:46:33,608,1366411593.608000,3.20, 3.90, 4.35
2013-04-19 15:46:34,668,1366411594.669000,2.90, 3.60, 4.35
2013-04-19 15:46:35,730,1366411595.730000,2.60, 3.60, 4.35
2013-04-19 15:46:36,789,1366411596.790000,2.30, 3.30, 4.35
2013-04-19 15:46:37,851,1366411597.851000,2.00, 3.00, 4.35
2013-04-19 15:46:38,911,1366411598.912000,1.80, 2.70, 4.35
2013-04-19 15:46:39,973,1366411599.973000,1.50, 2.10, 4.35
2013-04-19 15:46:41,033,1366411601.034000,1.20, 2.40, 4.35
2013-04-19 15:46:42,109,1366411602.110000,1.00, 2.40, 4.35
2013-04-19 15:46:43,171,1366411603.171000,0.70, 1.50, 4.35
2013-04-19 15:46:44,232,1366411604.232000,0.40, 1.50, 4.35
2013-04-19 15:46:45,292,1366411605.292000,0.20, 1.20, 4.35
2013-04-19 15:46:46,352,1366411606.353000,-0.10, 0.90, 4.35
2013-04-19 15:46:47,414,1366411607.414000,-0.30, 0.90, 4.35
2013-04-19 15:46:48,474,1366411608.475000,-0.60, 0.60, 4.35
2013-04-19 15:46:49,536,1366411609.536000,-0.80, 0.30, 4.35
2013-04-19 15:46:50,595,1366411610.596000,-1.10, 0.00, 4.35
2013-04-19 15:46:51,657,1366411611.657000,-1.30, -0.60, 4.35
2013-04-19 15:46:52,717,1366411612.718000,-1.60, -0.60, 4.35
2013-04-19 15:46:53,779,1366411613.779000,-1.80, -0.90, 4.35
2013-04-19 15:46:54,839,1366411614.840000,-2.10, -0.90, 4.35
2013-04-19 15:46:55,900,1366411615.900000,-2.30, -1.20, 4.35
2013-04-19 15:46:56,960,1366411616.961000,-2.50, -1.50, 4.35
2013-04-19 15:46:58,022,1366411618.022000,-2.80, -1.50, 4.35
2013-04-19 15:46:59,082,1366411619.083000,-3.00, -1.80, 4.35
2013-04-19 15:47:00,144,1366411620.144000,-3.20, -2.10, 4.35
2013-04-19 15:47:01,203,1366411621.204000,-3.40, -2.40, 4.35
2013-04-19 15:47:02,265,1366411622.265000,-3.70, -2.40, 4.35
2013-04-19 15:47:03,325,1366411623.326000,-3.90, -2.70, 4.34
2013-04-19 15:47:04,387,1366411624.387000,-4.10, -3.00, 4.35
2013-04-19 15:47:05,447,1366411625.448000,-4.30, -3.30, 4.35
2013-04-19 15:47:06,507,1366411626.508000,-4.60, -3.30, 4.34
2013-04-19 15:47:07,569,1366411627.569000,-4.80, -3.60, 4.35
2013-04-19 15:47:08,630,1366411628.630000,-5.00, -3.90, 4.35
2013-04-19 15:47:09,690,1366411629.691000,-5.20, -3.90, 4.34
2013-04-19 15:47:10,752,1366411630.752000,-5.40, -4.50, 4.35
2013-04-19 15:47:11,812,1366411631.812000,-5.60, -4.50, 4.35
2013-04-19 15:47:12,872,1366411632.873000,-5.80, -4.50, 4.34
2013-04-19 15:47:13,934,1366411633.934000,-6.00, -4.80, 4.34
2013-04-19 15:47:14,994,1366411634.995000,-6.20, -5.10, 4.34
2013-04-19 15:47:16,055,1366411636.056000,-6.40, -5.10, 4.34
2013-04-19 15:47:17,115,1366411637.116000,-6.60, -5.10, 4.34
2013-04-19 15:47:18,177,1366411638.177000,-6.80, -5.40, 4.34
2013-04-19 15:47:19,237,1366411639.238000,-7.00, -5.70, 4.34
2013-04-19 15:47:20,299,1366411640.299000,-7.20, -6.00, 4.34
2013-04-19 15:47:21,359,1366411641.360000,-7.40, -6.30, 4.34
2013-04-19 15:47:22,420,1366411642.420000,-7.60, -6.30, 4.34
2013-04-19 15:47:23,480,1366411643.481000,-7.80, -6.30, 4.34
2013-04-19 15:47:24,542,1366411644.542000,-8.00, -6.60, 4.34
2013-04-19 15:47:25,602,1366411645.603000,-8.20, -6.90, 4.34
2013-04-19 15:47:26,664,1366411646.664000,-8.40, -6.90, 4.34
2013-04-19 15:47:27,723,1366411647.724000,-8.50, -7.20, 4.34
2013-04-19 15:47:28,785,1366411648.785000,-8.70, -7.50, 4.34
2013-04-19 15:47:29,845,1366411649.846000,-8.90, -7.80, 4.34
2013-04-19 15:47:30,907,1366411650.907000,-9.10, -8.10, 4.34
2013-04-19 15:47:31,967,1366411651.968000,-9.30, -8.10, 4.34
2013-04-19 15:47:33,028,1366411653.028000,-9.40, -8.10, 4.34
2013-04-19 15:47:34,088,1366411654.089000,-9.60, -8.40, 4.34
2013-04-19 15:47:35,150,1366411655.150000,-9.80, -8.40, 4.34
2013-04-19 15:47:36,210,1366411656.211000,-10.00, -8.70, 4.34
2013-04-19 15:47:37,272,1366411657.272000,-10.10, -8.70, 4.34
2013-04-19 15:47:38,332,1366411658.332000,-10.30, -8.70, 4.34
2013-04-19 15:47:39,392,1366411659.393000,-10.50, -9.00, 4.34
2013-04-19 15:47:40,453,1366411660.454000,-10.60, -9.30, 4.34
2013-04-19 15:47:41,515,1366411661.515000,-10.80, -9.30, 4.34
2013-04-19 15:47:42,591,1366411662.591000,-11.00, -9.60, 4.34
2013-04-19 15:47:43,667,1366411663.668000,-11.10, -9.60, 4.34
2013-04-19 15:47:44,743,1366411664.744000,-11.30, -9.90, 4.34
2013-04-19 15:47:45,835,1366411665.836000,-11.50, -9.90, 4.34
2013-04-19 15:47:46,911,1366411666.912000,-11.60, -9.90, 4.34
2013-04-19 15:47:47,989,1366411667.989000,-11.80, -10.50, 4.34
2013-04-19 15:47:49,065,1366411669.065000,-12.00, -10.20, 4.34
2013-04-19 15:47:50,141,1366411670.142000,-12.10, -10.80, 4.34
2013-04-19 15:47:51,233,1366411671.234000,-12.30, -11.10, 4.34
2013-04-19 15:47:52,309,1366411672.310000,-12.40, -11.10, 4.34
2013-04-19 15:47:53,401,1366411673.402000,-12.60, -11.10, 4.34
2013-04-19 15:47:54,493,1366411674.494000,-12.70, -11.40, 4.34
2013-04-19 15:47:55,585,1366411675.586000,-12.90, -11.40, 4.34
2013-04-19 15:47:56,677,1366411676.678000,-13.00, -11.40, 4.34
2013-04-19 15:47:57,769,1366411677.770000,-13.20, -11.40, 4.34
2013-04-19 15:47:58,861,1366411678.862000,-13.40, -11.70, 4.34
2013-04-19 15:47:59,953,1366411679.954000,-13.50, -12.00, 4.34
2013-04-19 15:48:01,046,1366411681.046000,-13.70, -12.30, 4.34
2013-04-19 15:48:02,138,1366411682.138000,-13.80, -12.30, 4.34
2013-04-19 15:48:03,260,1366411683.261000,-14.00, -12.00, 4.34
2013-04-19 15:48:04,322,1366411684.322000,-14.10, -12.60, 4.34
2013-04-19 15:48:05,382,1366411685.383000,-14.20, -12.90, 4.34
2013-04-19 15:48:06,444,1366411686.444000,-14.40, -12.90, 4.34
2013-04-19 15:48:07,505,1366411687.505000,-14.50, -12.90, 4.34
2013-04-19 15:48:08,565,1366411688.565000,-14.70, -13.20, 4.34
2013-04-19 15:48:09,625,1366411689.626000,-14.80, -13.20, 4.34
2013-04-19 15:48:10,687,1366411690.687000,-14.90, -13.20, 4.34
2013-04-19 15:48:11,747,1366411691.748000,-15.10, -13.50, 4.34
2013-04-19 15:48:12,809,1366411692.809000,-15.20, -13.50, 4.34
2013-04-19 15:48:13,868,1366411693.869000,-15.30, -13.80, 4.34
2013-04-19 15:48:14,930,1366411694.930000,-15.50, -13.80, 4.33
2013-04-19 15:48:15,990,1366411695.991000,-15.60, -14.10, 4.34
2013-04-19 15:48:17,052,1366411697.052000,-15.70, -14.10, 4.34
2013-04-19 15:48:18,112,1366411698.113000,-15.90, -14.40, 4.33
2013-04-19 15:48:19,173,1366411699.173000,-16.00, -14.40, 4.34
2013-04-19 15:48:20,233,1366411700.234000,-16.10, -14.40, 4.34
2013-04-19 15:48:21,295,1366411701.295000,-16.20, -14.70, 4.33
2013-04-19 15:48:22,355,1366411702.356000,-16.40, -14.70, 4.34
2013-04-19 15:48:23,417,1366411703.417000,-16.50, -14.70, 4.34
2013-04-19 15:48:24,476,1366411704.477000,-16.60, -15.00, 4.33
2013-04-19 15:48:25,538,1366411705.538000,-16.70, -15.30, 4.33
2013-04-19 15:48:26,598,1366411706.599000,-16.80, -15.30, 4.34
2013-04-19 15:48:27,660,1366411707.660000,-17.00, -15.30, 4.33
2013-04-19 15:48:28,720,1366411708.721000,-17.10, -15.30, 4.33
2013-04-19 15:48:29,780,1366411709.781000,-17.20, -15.30, 4.34
2013-04-19 15:48:30,842,1366411710.842000,-17.30, -15.60, 4.34
2013-04-19 15:48:31,903,1366411711.903000,-17.40, -15.60, 4.33
2013-04-19 15:48:32,963,1366411712.964000,-17.60, -15.90, 4.34
2013-04-19 15:48:34,025,1366411714.025000,-17.70, -15.60, 4.33
2013-04-19 15:48:35,085,1366411715.085000,-17.80, -16.20, 4.33
2013-04-19 15:48:36,145,1366411716.146000,-17.90, -16.20, 4.33
2013-04-19 15:48:37,207,1366411717.207000,-18.00, -16.20, 4.33
2013-04-19 15:48:38,267,1366411718.268000,-18.10, -16.50, 4.33
2013-04-19 15:48:39,328,1366411719.329000,-18.20, -16.50, 4.33
2013-04-19 15:48:40,388,1366411720.389000,-18.40, -16.50, 4.33
2013-04-19 15:48:41,450,1366411721.450000,-18.50, -16.50, 4.33
2013-04-19 15:48:42,510,1366411722.511000,-18.60, -16.80, 4.33
2013-04-19 15:48:43,572,1366411723.572000,-18.70, -16.80, 4.33
2013-04-19 15:48:44,632,1366411724.633000,-18.80, -17.10, 4.33
2013-04-19 15:48:45,693,1366411725.693000,-18.90, -16.80, 4.33
2013-04-19 15:48:46,753,1366411726.754000,-19.00, -17.10, 4.33
2013-04-19 15:48:47,815,1366411727.815000,-19.10, -17.10, 4.33
2013-04-19 15:48:48,875,1366411728.876000,-19.20, -17.40, 4.33
2013-04-19 15:48:49,937,1366411729.937000,-19.30, -17.70, 4.33
2013-04-19 15:48:50,996,1366411730.997000,-19.40, -17.40, 4.33
2013-04-19 15:48:52,058,1366411732.058000,-19.50, -17.70, 4.33
2013-04-19 15:48:53,118,1366411733.119000,-19.60, -17.70, 4.33
2013-04-19 15:48:54,180,1366411734.180000,-19.70, -18.00, 4.33
2013-04-19 15:48:55,240,1366411735.241000,-19.80, -18.00, 4.33
2013-04-19 15:48:56,301,1366411736.301000,-19.90, -18.30, 4.33
2013-04-19 15:48:57,361,1366411737.362000,-20.00, -18.30, 4.33
2013-04-19 15:48:58,423,1366411738.423000,-20.10, -18.30, 4.33
2013-04-19 15:48:59,483,1366411739.484000,-20.20, -18.30, 4.33
2013-04-19 15:49:00,545,1366411740.545000,-20.30, -18.60, 4.33
2013-04-19 15:49:01,605,1366411741.605000,-20.40, -18.60, 4.33
2013-04-19 15:49:02,665,1366411742.666000,-20.50, -18.90, 4.33
2013-04-19 15:49:03,726,1366411743.727000,-20.60, -18.60, 4.33
2013-04-19 15:49:04,788,1366411744.788000,-20.70, -18.90, 4.33
2013-04-19 15:49:05,848,1366411745.849000,-20.80, -18.90, 4.33
2013-04-19 15:49:06,908,1366411746.909000,-20.90, -18.90, 4.33
2013-04-19 15:49:07,970,1366411747.970000,-21.00, -19.20, 4.33
2013-04-19 15:49:09,030,1366411749.031000,-21.10, -19.20, 4.33
2013-04-19 15:49:10,092,1366411750.092000,-21.20, -19.20, 4.33
2013-04-19 15:49:11,153,1366411751.153000,-21.30, -19.50, 4.33
2013-04-19 15:49:12,213,1366411752.213000,-21.40, -19.50, 4.33
2013-04-19 15:49:13,273,1366411753.274000,-21.50, -19.80, 4.33
2013-04-19 15:49:14,335,1366411754.335000,-21.50, -19.50, 4.33
2013-04-19 15:49:15,395,1366411755.396000,-21.60, -19.80, 4.33
2013-04-19 15:49:16,457,1366411756.457000,-21.70, -19.80, 4.33
2013-04-19 15:49:17,516,1366411757.517000,-21.80, -19.80, 4.33
2013-04-19 15:49:18,578,1366411758.578000,-21.90, -19.80, 4.33
2013-04-19 15:49:19,638,1366411759.639000,-22.00, -20.10, 4.33
2013-04-19 15:49:20,700,1366411760.700000,-22.10, -19.80, 4.33
2013-04-19 15:49:21,760,1366411761.761000,-22.20, -20.40, 4.33
2013-04-19 15:49:22,821,1366411762.821000,-22.20, -20.40, 4.33
2013-04-19 15:49:23,881,1366411763.882000,-22.30, -20.10, 4.33
2013-04-19 15:49:24,943,1366411764.943000,-22.40, -20.40, 4.33
2013-04-19 15:49:26,003,1366411766.004000,-22.50, -20.70, 4.33
2013-04-19 15:49:27,065,1366411767.065000,-22.60, -20.70, 4.33
2013-04-19 15:49:28,125,1366411768.125000,-22.70, -20.70, 4.33
2013-04-19 15:49:29,186,1366411769.186000,-22.80, -20.70, 4.33
2013-04-19 15:49:30,246,1366411770.247000,-22.80, -20.70, 4.33
2013-04-19 15:49:31,308,1366411771.308000,-22.90, -21.00, 4.33
2013-04-19 15:49:32,368,1366411772.369000,-23.00, -20.70, 4.33
2013-04-19 15:49:33,428,1366411773.429000,-23.10, -21.00, 4.33
2013-04-19 15:49:34,490,1366411774.490000,-23.20, -21.00, 4.33
2013-04-19 15:49:35,551,1366411775.551000,-23.20, -21.00, 4.33
2013-04-19 15:49:36,611,1366411776.612000,-23.30, -21.00, 4.33
2013-04-19 15:49:37,673,1366411777.673000,-23.40, -21.60, 4.33
2013-04-19 15:49:38,733,1366411778.733000,-23.50, -21.60, 4.33
2013-04-19 15:49:39,793,1366411779.794000,-23.60, -21.30, 4.33
2013-04-19 15:49:40,855,1366411780.855000,-23.60, -21.60, 4.33
2013-04-19 15:49:41,915,1366411781.916000,-23.70, -21.60, 4.33
2013-04-19 15:49:42,976,1366411782.977000,-23.80, -21.60, 4.33
2013-04-19 15:49:44,036,1366411784.037000,-23.90, -21.90, 4.33
2013-04-19 15:49:45,098,1366411785.098000,-23.90, -22.20, 4.33
2013-04-19 15:49:46,158,1366411786.159000,-24.00, -21.90, 4.33
2013-04-19 15:49:47,220,1366411787.220000,-24.10, -22.20, 4.33
2013-04-19 15:49:48,280,1366411788.281000,-24.20, -22.20, 4.33
2013-04-19 15:49:49,342,1366411789.342000,-24.20, -22.20, 4.33
2013-04-19 15:49:50,401,1366411790.402000,-24.30, -22.20, 4.32
2013-04-19 15:49:51,463,1366411791.463000,-24.40, -22.50, 4.33
2013-04-19 15:49:52,523,1366411792.524000,-24.50, -22.20, 4.33
2013-04-19 15:49:53,585,1366411793.585000,-24.50, -22.50, 4.32
2013-04-19 15:49:54,645,1366411794.646000,-24.60, -22.50, 4.33
2013-04-19 15:49:55,706,1366411795.706000,-24.70, -22.20, 4.33
2013-04-19 15:49:56,766,1366411796.767000,-24.80, -22.80, 4.32
2013-04-19 15:49:57,828,1366411797.828000,-24.80, -22.50, 4.33
2013-04-19 15:49:58,888,1366411798.889000,-24.90, -22.50, 4.33
2013-04-19 15:49:59,950,1366411799.950000,-25.00, -23.10, 4.32
2013-04-19 15:50:01,009,1366411801.010000,-25.00, -22.80, 4.33
2013-04-19 15:50:02,071,1366411802.071000,-25.10, -22.80, 4.33
2013-04-19 15:50:03,131,1366411803.132000,-25.20, -23.10, 4.32
2013-04-19 15:50:04,193,1366411804.193000,-25.20, -23.40, 4.33
2013-04-19 15:50:05,253,1366411805.254000,-25.30, -23.10, 4.33
2013-04-19 15:50:06,313,1366411806.314000,-25.40, -23.10, 4.32
2013-04-19 15:50:07,375,1366411807.375000,-25.50, -23.40, 4.33
2013-04-19 15:50:08,436,1366411808.436000,-25.50, -23.40, 4.33
2013-04-19 15:50:09,496,1366411809.497000,-25.60, -23.40, 4.33
2013-04-19 15:50:10,558,1366411810.558000,-25.60, -23.40, 4.32
2013-04-19 15:50:11,618,1366411811.618000,-25.70, -23.40, 4.33
2013-04-19 15:50:12,678,1366411812.679000,-25.80, -23.70, 4.32
2013-04-19 15:50:13,740,1366411813.740000,-25.80, -23.70, 4.32
2013-04-19 15:50:14,801,1366411814.801000,-25.90, -23.70, 4.33
2013-04-19 15:50:15,861,1366411815.862000,-26.00, -23.70, 4.33
2013-04-19 15:50:16,921,1366411816.922000,-26.00, -24.00, 4.32
2013-04-19 15:50:17,983,1366411817.983000,-26.10, -23.70, 4.33
2013-04-19 15:50:19,043,1366411819.044000,-26.20, -23.70, 4.32
2013-04-19 15:50:20,105,1366411820.105000,-26.20, -23.70, 4.33
2013-04-19 15:50:21,165,1366411821.166000,-26.30, -24.30, 4.32
2013-04-19 15:50:22,226,1366411822.226000,-26.40, -24.30, 4.33
2013-04-19 15:50:23,286,1366411823.287000,-26.40, -24.00, 4.32
2013-04-19 15:50:24,348,1366411824.348000,-26.50, -24.30, 4.32
2013-04-19 15:50:25,408,1366411825.409000,-26.50, -24.60, 4.32
2013-04-19 15:50:26,470,1366411826.470000,-26.60, -24.30, 4.33
2013-04-19 15:50:27,546,1366411827.546000,-26.70, -24.60, 4.32
2013-04-19 15:50:28,621,1366411828.622000,-26.70, -24.60, 4.33
2013-04-19 15:50:29,698,1366411829.699000,-26.80, -24.60, 4.32
2013-04-19 15:50:30,775,1366411830.775000,-26.80, -24.60, 4.32
2013-04-19 15:50:31,851,1366411831.852000,-26.90, -24.60, 4.33
2013-04-19 15:50:32,944,1366411832.944000,-27.00, -24.60, 4.33
2013-04-19 15:50:34,019,1366411834.020000,-27.00, -24.60, 4.32
2013-04-19 15:50:35,111,1366411835.112000,-27.10, -24.90, 4.32
2013-04-19 15:50:36,187,1366411836.188000,-27.10, -24.60, 4.32
2013-04-19 15:50:37,279,1366411837.280000,-27.20, -24.90, 4.32
2013-04-19 15:50:38,371,1366411838.372000,-27.30, -25.20, 4.32
2013-04-19 15:50:39,480,1366411839.480000,-27.30, -24.90, 4.32
2013-04-19 15:50:40,572,1366411840.572000,-27.40, -24.90, 4.32
2013-04-19 15:50:41,664,1366411841.664000,-27.40, -25.20, 4.32
2013-04-19 15:50:42,756,1366411842.756000,-27.50, -25.20, 4.32
2013-04-19 15:50:43,864,1366411843.864000,-27.60, -25.20, 4.32
2013-04-19 15:50:44,944,1366411844.945000,-27.60, -25.20, 4.32
2013-04-19 15:50:46,039,1366411846.039000,-27.70, -25.20, 4.32
2013-04-19 15:50:47,131,1366411847.131000,-27.70, -25.50, 4.32
2013-04-19 15:50:48,207,1366411848.208000,-27.80, -25.50, 4.32
2013-04-19 15:50:49,346,1366411849.347000,-27.80, -25.50, 4.32
2013-04-19 15:50:50,484,1366411850.485000,-27.90, -25.50, 4.32
2013-04-19 15:50:51,624,1366411851.624000,-28.00, -25.50, 4.32
2013-04-19 15:50:52,763,1366411852.763000,-28.00, -25.80, 4.32
2013-04-19 15:50:53,901,1366411853.902000,-28.10, -25.80, 4.32
2013-04-19 15:50:55,040,1366411855.041000,-28.10, -25.80, 4.32
2013-04-19 15:50:56,178,1366411856.179000,-28.20, -25.80, 4.32
2013-04-19 15:50:57,318,1366411857.318000,-28.20, -25.80, 4.32
2013-04-19 15:50:58,457,1366411858.457000,-28.30, -25.80, 4.32
2013-04-19 15:50:59,595,1366411859.596000,-28.40, -25.80, 4.32
2013-04-19 15:51:00,734,1366411860.735000,-28.40, -26.10, 4.32
2013-04-19 15:51:01,872,1366411861.873000,-28.50, -26.10, 4.32
2013-04-19 15:51:03,012,1366411863.012000,-28.50, -26.10, 4.32
2013-04-19 15:51:04,151,1366411864.151000,-28.60, -26.40, 4.32
2013-04-19 15:51:05,289,1366411865.290000,-28.60, -26.10, 4.32
2013-04-19 15:51:06,428,1366411866.429000,-28.70, -26.40, 4.32
2013-04-19 15:51:07,582,1366411867.583000,-28.70, -26.40, 4.32
2013-04-19 15:51:08,721,1366411868.722000,-28.80, -26.40, 4.32
2013-04-19 15:51:09,861,1366411869.861000,-28.80, -26.40, 4.32
2013-04-19 15:51:11,000,1366411871.000000,-28.90, -26.40, 4.32
2013-04-19 15:51:12,184,1366411872.185000,-29.00, -26.40, 4.32
2013-04-19 15:51:13,323,1366411873.324000,-29.00, -26.40, 4.32
2013-04-19 15:51:14,463,1366411874.463000,-29.10, -26.40, 4.32
2013-04-19 15:51:15,601,1366411875.602000,-29.10, -27.00, 4.32
2013-04-19 15:51:16,740,1366411876.740000,-29.20, -26.70, 4.32
2013-04-19 15:51:17,878,1366411877.879000,-29.20, -26.70, 4.32
2013-04-19 15:51:19,017,1366411879.018000,-29.30, -27.00, 4.32
2013-04-19 15:51:20,171,1366411880.172000,-29.30, -26.70, 4.32
2013-04-19 15:51:21,311,1366411881.311000,-29.40, -27.00, 4.32
2013-04-19 15:51:22,434,1366411882.434000,-29.40, -27.00, 4.32
2013-04-19 15:51:23,572,1366411883.573000,-29.50, -27.00, 4.32
2013-04-19 15:51:24,743,1366411884.743000,-29.50, -27.30, 4.32
2013-04-19 15:51:25,881,1366411885.882000,-29.60, -27.00, 4.32
2013-04-19 15:51:27,020,1366411887.021000,-29.60, -27.30, 4.32
2013-04-19 15:51:28,160,1366411888.160000,-29.70, -27.30, 4.32
2013-04-19 15:51:29,361,1366411889.361000,-29.70, -27.30, 4.32
2013-04-19 15:51:30,500,1366411890.500000,-29.80, -27.30, 4.32
2013-04-19 15:51:31,638,1366411891.638000,-29.80, -27.30, 4.32
2013-04-19 15:51:32,839,1366411892.840000,-29.90, -27.60, 4.32
2013-04-19 15:51:33,977,1366411893.978000,-29.90, -27.60, 4.32
2013-04-19 15:51:35,117,1366411895.117000,-30.00, -27.60, 4.32
2013-04-19 15:51:36,256,1366411896.256000,-30.00, -27.30, 4.32
2013-04-19 15:51:37,503,1366411897.504000,-30.10, -27.90, 4.32
2013-04-19 15:51:38,704,1366411898.705000,-30.10, -27.60, 4.32
2013-04-19 15:51:39,844,1366411899.844000,-30.20, -27.90, 4.32
2013-04-19 15:51:40,983,1366411900.983000,-30.20, -27.90, 4.32
2013-04-19 15:51:42,121,1366411902.122000,-30.30, -27.90, 4.32
2013-04-19 15:51:43,369,1366411903.370000,-30.30, -27.90, 4.32
2013-04-19 15:51:44,507,1366411904.508000,-30.40, -27.90, 4.32
2013-04-19 15:51:45,663,1366411905.663000,-30.40, -27.90, 4.32
2013-04-19 15:51:46,802,1366411906.802000,-30.50, -28.20, 4.32
2013-04-19 15:51:47,924,1366411907.925000,-30.50, -28.20, 4.32
2013-04-19 15:51:49,063,1366411909.064000,-30.50, -28.20, 4.32
2013-04-19 15:51:50,233,1366411910.234000,-30.60, -28.20, 4.32
2013-04-19 15:51:51,496,1366411911.497000,-30.60, -28.20, 4.32
2013-04-19 15:51:52,635,1366411912.636000,-30.70, -28.20, 4.32
2013-04-19 15:51:53,775,1366411913.775000,-30.70, -28.20, 4.32
2013-04-19 15:51:54,914,1366411914.914000,-30.80, -28.20, 4.32
2013-04-19 15:51:56,098,1366411916.099000,-30.80, -28.50, 4.32
2013-04-19 15:51:57,237,1366411917.238000,-30.90, -28.20, 4.32
2013-04-19 15:51:58,424,1366411918.424000,-30.90, -28.50, 4.32
2013-04-19 15:51:59,562,1366411919.562000,-31.00, -28.20, 4.32
2013-04-19 15:52:00,700,1366411920.701000,-31.00, -28.50, 4.32
2013-04-19 15:52:01,839,1366411921.840000,-31.00, -28.50, 4.32
2013-04-19 15:52:02,979,1366411922.979000,-31.10, -28.50, 4.32
2013-04-19 15:52:04,118,1366411924.118000,-31.10, -28.50, 4.32
2013-04-19 15:52:05,256,1366411925.256000,-31.20, -28.50, 4.32
2013-04-19 15:52:06,394,1366411926.395000,-31.20, -28.50, 1.12
2013-04-19 15:52:07,533,1366411927.534000,-31.30, -28.50, 4.32
2013-04-19 15:52:08,673,1366411928.673000,-31.30, -28.80, 4.32
2013-04-19 15:52:09,812,1366411929.812000,-31.40, -28.80, 4.32
2013-04-19 15:52:10,950,1366411930.950000,-31.40, -28.80, 4.32
2013-04-19 15:52:12,197,1366411932.198000,-31.40, -28.80, 4.32
2013-04-19 15:52:13,336,1366411933.337000,-31.50, -28.80, 4.32
2013-04-19 15:52:14,476,1366411934.476000,-31.50, -28.80, 4.32
2013-04-19 15:52:15,615,1366411935.615000,-31.60, -28.80, 4.32
2013-04-19 15:52:16,753,1366411936.754000,-31.60, -29.10, 4.32
2013-04-19 15:52:17,891,1366411937.892000,-31.60, -28.80, 4.32
2013-04-19 15:52:19,046,1366411939.047000,-31.70, -29.10, 4.32
2013-04-19 15:52:20,186,1366411940.186000,-31.70, -29.40, 4.32
2013-04-19 15:52:21,323,1366411941.324000,-31.80, -29.40, 4.32
2013-04-19 15:52:22,463,1366411942.463000,-31.80, -29.10, 4.32
2013-04-19 15:52:23,632,1366411943.633000,-31.80, -29.40, 4.32
2013-04-19 15:52:24,772,1366411944.772000,-31.90, -29.10, 4.32
2013-04-19 15:52:25,926,1366411945.926000,-31.90, -29.40, 4.32
2013-04-19 15:52:27,065,1366411947.065000,-32.00, -29.70, 4.32
2013-04-19 15:52:28,312,1366411948.313000,-32.00, -29.40, 4.32
2013-04-19 15:52:29,451,1366411949.452000,-32.10, -29.70, 4.32
2013-04-19 15:52:30,591,1366411950.591000,-32.10, -29.40, 4.32
2013-04-19 15:52:31,730,1366411951.730000,-32.10, -29.40, 4.32
2013-04-19 15:52:32,946,1366411952.946000,-32.20, -29.70, 4.32
2013-04-19 15:52:34,085,1366411954.085000,-32.20, -29.70, 4.32
2013-04-19 15:52:35,223,1366411955.224000,-32.20, -29.70, 4.32
2013-04-19 15:52:36,362,1366411956.363000,-32.30, -29.70, 4.32
2013-04-19 15:52:37,532,1366411957.533000,-32.30, -29.70, 4.32
2013-04-19 15:52:38,733,1366411958.734000,-32.40, -29.70, 4.32
2013-04-19 15:52:39,920,1366411959.920000,-32.40, -29.70, 4.32
2013-04-19 15:52:41,058,1366411961.058000,-32.40, -29.70, 4.32
2013-04-19 15:52:42,305,1366411962.306000,-32.50, -30.00, 4.32
2013-04-19 15:52:43,444,1366411963.445000,-32.50, -29.70, 4.32
2013-04-19 15:52:44,599,1366411964.600000,-32.60, -30.00, 4.32
2013-04-19 15:52:45,737,1366411965.738000,-32.60, -29.70, 4.32
2013-04-19 15:52:46,861,1366411966.862000,-32.60, -30.00, 4.32
2013-04-19 15:52:48,032,1366411968.032000,-32.70, -30.00, 4.32
2013-04-19 15:52:49,170,1366411969.170000,-32.70, -30.30, 4.32
2013-04-19 15:52:50,309,1366411970.309000,-32.70, -30.30, 4.32
2013-04-19 15:52:51,588,1366411971.588000,-32.80, -30.30, 4.32
2013-04-19 15:52:52,743,1366411972.743000,-32.80, -30.00, 4.32
2013-04-19 15:52:53,913,1366411973.913000,-32.90, -30.30, 4.32
2013-04-19 15:52:55,052,1366411975.052000,-32.90, -30.30, 4.32
2013-04-19 15:52:56,299,1366411976.300000,-32.90, -30.30, 4.32
2013-04-19 15:52:57,437,1366411977.438000,-33.00, -30.30, 4.32
2013-04-19 15:52:58,576,1366411978.577000,-33.00, -49.80, 4.32
2013-04-19 15:52:59,746,1366411979.747000,-33.00, -30.60, 4.32
2013-04-19 15:53:00,885,1366411980.886000,-33.10, -30.60, 4.32
2013-04-19 15:53:02,025,1366411982.025000,-33.10, -30.60, 4.32
2013-04-19 15:53:03,164,1366411983.164000,-33.10, -30.30, 4.32
2013-04-19 15:53:04,411,1366411984.412000,-33.20, -30.60, 4.32
2013-04-19 15:53:05,582,1366411985.582000,-33.20, -30.60, 4.32
2013-04-19 15:53:06,720,1366411986.721000,-33.30, -30.60, 4.32
2013-04-19 15:53:07,858,1366411987.859000,-33.30, -30.60, 4.32
2013-04-19 15:53:09,029,1366411989.029000,-33.30, -30.60, 4.32
2013-04-19 15:53:10,167,1366411990.168000,-33.40, -30.90, 4.32
2013-04-19 15:53:11,338,1366411991.338000,-33.40, -30.90, 4.32
2013-04-19 15:53:12,460,1366411992.461000,-33.40, -30.90, 4.32
2013-04-19 15:53:13,522,1366411993.522000,-33.50, -30.60, 4.32
2013-04-19 15:53:14,582,1366411994.583000,-33.50, -30.60, 4.32
2013-04-19 15:53:15,644,1366411995.644000,-33.50, -30.90, 4.32
2013-04-19 15:53:16,704,1366411996.705000,-33.50, -30.60, 4.32
2013-04-19 15:53:17,765,1366411997.765000,-33.60, -30.60, 4.32
2013-04-19 15:53:18,825,1366411998.826000,-33.60, -31.20, 4.32
2013-04-19 15:53:19,887,1366411999.887000,-33.60, -30.90, 4.32
2013-04-19 15:53:20,963,1366412000.963000,-33.70, -31.20, 4.32
2013-04-19 15:53:22,039,1366412002.040000,-33.70, -30.90, 4.32
2013-04-19 15:53:23,115,1366412003.116000,-33.70, -30.90, 4.32
2013-04-19 15:53:24,193,1366412004.193000,-33.80, -31.20, 4.32
2013-04-19 15:53:25,269,1366412005.269000,-33.80, -30.90, 4.32
2013-04-19 15:53:26,345,1366412006.345000,-33.80, -31.20, 4.32
2013-04-19 15:53:27,421,1366412007.422000,-33.90, -31.20, 4.32
2013-04-19 15:53:28,497,1366412008.498000,-33.90, -31.20, 4.32
2013-04-19 15:53:29,589,1366412009.590000,-33.90, -30.90, 4.32
2013-04-19 15:53:30,681,1366412010.682000,-33.90, -31.20, 4.32
2013-04-19 15:53:31,773,1366412011.774000,-34.00, -31.20, 4.32
2013-04-19 15:53:32,865,1366412012.866000,-34.00, -31.20, 4.32
2013-04-19 15:53:33,957,1366412013.958000,-34.00, -31.20, 4.32
2013-04-19 15:53:35,035,1366412015.035000,-34.10, -31.20, 4.32
2013-04-19 15:53:36,127,1366412016.127000,-34.10, -31.50, 4.32
2013-04-19 15:53:37,219,1366412017.219000,-34.10, -31.20, 4.32
2013-04-19 15:53:38,295,1366412018.295000,-34.20, -31.50, 4.32
2013-04-19 15:53:39,371,1366412019.371000,-34.20, -31.50, 4.32
2013-04-19 15:53:40,463,1366412020.463000,-34.20, -31.50, 4.32
2013-04-19 15:53:41,555,1366412021.555000,-34.30, -31.50, 4.32
2013-04-19 15:53:42,663,1366412022.663000,-34.30, -31.50, 4.32
2013-04-19 15:53:43,755,1366412023.755000,-34.30, -31.50, 4.32
2013-04-19 15:53:44,846,1366412024.847000,-34.30, -31.80, 4.32
2013-04-19 15:53:45,938,1366412025.939000,-34.40, -31.80, 4.32
2013-04-19 15:53:47,030,1366412027.031000,-34.40, -31.50, 4.32
2013-04-19 15:53:48,122,1366412028.123000,-34.40, -31.50, 4.32
2013-04-19 15:53:49,214,1366412029.215000,-34.40, -31.80, 4.32
2013-04-19 15:53:50,306,1366412030.307000,-34.50, -31.50, 4.32
2013-04-19 15:53:51,398,1366412031.399000,-34.50, -32.10, 4.32
2013-04-19 15:53:52,490,1366412032.491000,-34.50, -31.80, 4.32
2013-04-19 15:53:53,582,1366412033.583000,-34.60, -31.80, 4.32
2013-04-19 15:53:54,674,1366412034.675000,-34.60, -31.80, 4.32
2013-04-19 15:53:55,766,1366412035.767000,-34.60, -32.10, 4.32
2013-04-19 15:53:56,858,1366412036.859000,-34.60, -32.10, 4.32
2013-04-19 15:53:57,950,1366412037.951000,-34.70, -32.10, 4.32
2013-04-19 15:53:59,042,1366412039.043000,-34.70, -32.10, 4.32
2013-04-19 15:54:00,134,1366412040.135000,-34.70, -32.10, 4.32
2013-04-19 15:54:01,226,1366412041.227000,-34.80, -32.10, 4.32
2013-04-19 15:54:02,319,1366412042.319000,-34.80, -32.10, 4.32
2013-04-19 15:54:03,411,1366412043.411000,-34.80, -32.10, 4.32
2013-04-19 15:54:04,503,1366412044.503000,-34.80, -32.10, 4.32
2013-04-19 15:54:05,595,1366412045.595000,-34.90, -32.10, 4.32
2013-04-19 15:54:06,687,1366412046.687000,-34.90, -32.10, 4.32
2013-04-19 15:54:07,779,1366412047.779000,-34.90, -32.10, 4.32
2013-04-19 15:54:08,871,1366412048.871000,-34.90, -32.40, 4.32
2013-04-19 15:54:09,963,1366412049.963000,-35.00, -32.40, 4.32
2013-04-19 15:54:11,055,1366412051.055000,-35.00, -32.10, 4.32
2013-04-19 15:54:12,147,1366412052.147000,-35.00, -32.40, 4.32
2013-04-19 15:54:13,239,1366412053.239000,-35.10, -32.40, 4.32
2013-04-19 15:54:14,331,1366412054.331000,-35.10, -32.40, 4.32
2013-04-19 15:54:15,423,1366412055.423000,-35.10, -32.40, 4.32
2013-04-19 15:54:16,515,1366412056.515000,-35.10, -32.40, 4.32
2013-04-19 15:54:17,607,1366412057.607000,-35.20, -32.70, 4.32
2013-04-19 15:54:18,698,1366412058.699000,-35.20, -32.40, 4.32
2013-04-19 15:54:19,790,1366412059.791000,-35.20, -32.40, 4.32
2013-04-19 15:54:20,882,1366412060.883000,-35.20, -32.40, 4.32
2013-04-19 15:54:21,974,1366412061.975000,-35.30, -32.70, 4.32
2013-04-19 15:54:23,066,1366412063.067000,-35.30, -32.40, 4.32
2013-04-19 15:54:24,158,1366412064.159000,-35.30, -32.70, 4.32
2013-04-19 15:54:25,250,1366412065.251000,-35.30, -32.40, 4.32
2013-04-19 15:54:26,342,1366412066.343000,-35.40, -32.70, 4.32
2013-04-19 15:54:27,434,1366412067.435000,-35.40, -32.40, 4.32
2013-04-19 15:54:28,526,1366412068.527000,-35.40, -32.40, 4.32
2013-04-19 15:54:29,618,1366412069.619000,-35.40, -32.40, 4.32
2013-04-19 15:54:30,710,1366412070.711000,-35.40, -21.90, 4.32
2013-04-19 15:54:31,819,1366412071.819000,-35.50, -32.70, 4.32
2013-04-19 15:54:32,926,1366412072.926000,-35.50, -33.00, 4.32
2013-04-19 15:54:34,033,1366412074.034000,-35.50, -33.00, 4.32
2013-04-19 15:54:35,141,1366412075.141000,-35.60, -32.70, 4.32
2013-04-19 15:54:36,249,1366412076.249000,-35.60, -33.00, 4.32
2013-04-19 15:54:37,371,1366412077.372000,-35.60, -32.70, 4.32
2013-04-19 15:54:38,494,1366412078.495000,-35.70, -32.70, 4.32
2013-04-19 15:54:39,618,1366412079.619000,-35.70, -32.70, 4.32
2013-04-19 15:54:40,742,1366412080.742000,-35.70, -33.00, 4.32
2013-04-19 15:54:41,865,1366412081.865000,-35.70, -32.70, 4.32
2013-04-19 15:54:42,987,1366412082.988000,-35.70, -33.00, 4.32
2013-04-19 15:54:44,111,1366412084.111000,-35.80, -33.00, 4.32
2013-04-19 15:54:45,250,1366412085.250000,-35.80, -33.00, 4.32
2013-04-19 15:54:46,388,1366412086.389000,-35.80, -32.70, 4.32
2013-04-19 15:54:47,528,1366412087.528000,-35.90, -33.00, 4.32
2013-04-19 15:54:48,667,1366412088.667000,-35.90, -32.70, 4.32
2013-04-19 15:54:49,805,1366412089.805000,-35.90, -33.00, 4.32
2013-04-19 15:54:50,960,1366412090.960000,-35.90, -33.30, 4.32
2013-04-19 15:54:52,114,1366412092.114000,-36.00, -33.00, 4.32
2013-04-19 15:54:53,269,1366412093.269000,-36.00, -33.30, 4.32
2013-04-19 15:54:55,842,1366412095.843000,-36.00, -33.30, 4.32
2013-04-19 15:54:59,601,1366412099.602000,-36.10, -33.30, 4.32
2013-04-19 15:55:03,253,1366412103.253000,-36.10, -33.30, 4.32
2013-04-19 15:55:06,980,1366412106.981000,-36.20, -33.60, 4.32
2013-04-19 15:55:10,631,1366412110.632000,-36.30, -33.60, 4.32
2013-04-19 15:55:14,562,1366412114.563000,-36.40, -33.60, 4.32
2013-04-19 15:55:18,042,1366412118.042000,-36.40, -33.60, 4.32
2013-04-19 15:55:21,505,1366412121.505000,-36.50, -33.90, 4.32
2013-04-19 15:55:25,076,1366412125.077000,-36.60, -33.90, 4.32
2013-04-19 15:55:28,509,1366412128.509000,-36.70, -33.60, 4.32
2013-04-19 15:55:32,096,1366412132.097000,-36.70, -33.90, 4.32
2013-04-19 15:55:35,966,1366412135.966000,-36.80, -33.90, 4.32
2013-04-19 15:55:39,414,1366412139.414000,-36.90, -34.20, 4.32
2013-04-19 15:55:42,924,1366412142.924000,-36.90, -34.20, 4.32
2013-04-19 15:55:46,309,1366412146.309000,-37.00, -34.20, 4.32
2013-04-19 15:55:49,944,1366412149.944000,-37.10, -34.20, 4.32
2013-04-19 15:55:53,921,1366412153.922000,-37.10, -34.50, 4.32
2013-04-19 15:55:57,368,1366412157.369000,-37.20, -34.50, 4.32
2013-04-19 15:56:01,128,1366412161.129000,-37.30, -34.50, 4.32
2013-04-19 15:56:04,779,1366412164.779000,-37.30, -34.50, 4.32
2013-04-19 15:56:08,460,1366412168.461000,-37.40, -34.50, 4.32
2013-04-19 15:56:11,783,1366412171.784000,-37.50, -34.50, 4.32
2013-04-19 15:56:15,387,1366412175.387000,-37.50, -34.50, 4.32
2013-04-19 15:56:19,038,1366412179.038000,-37.60, -34.80, 4.32
2013-04-19 15:56:22,375,1366412182.376000,-37.70, -34.80, 4.32
2013-04-19 15:56:25,635,1366412185.636000,-37.70, -34.80, 4.32
2013-04-19 15:56:29,099,1366412189.100000,-37.80, -34.80, 4.32
2013-04-19 15:56:32,220,1366412192.220000,-37.90, -34.80, 4.32
2013-04-19 15:56:36,244,1366412196.245000,-37.90, -34.80, 4.32
2013-04-19 15:56:39,770,1366412199.771000,-38.00, -35.10, 4.32
2013-04-19 15:56:43,203,1366412203.203000,-38.00, -35.40, 4.32
2013-04-19 15:56:46,729,1366412206.729000,-38.10, -35.40, 4.32
2013-04-19 15:56:50,378,1366412210.379000,-38.10, -35.10, 4.32
2013-04-19 15:56:54,013,1366412214.014000,-38.20, -35.40, 4.32
2013-04-19 15:56:57,819,1366412217.820000,-38.30, -35.10, 4.32
2013-04-19 15:57:01,424,1366412221.424000,-38.30, -35.40, 4.32
2013-04-19 15:57:05,121,1366412225.121000,-38.40, -35.10, 4.32
2013-04-19 15:57:08,194,1366412228.194000,-38.40, -35.40, 4.32
2013-04-19 15:57:11,953,1366412231.954000,-38.50, -35.40, 4.32
2013-04-19 15:57:15,105,1366412235.105000,-38.50, -35.70, 4.32
2013-04-19 15:57:18,177,1366412238.178000,-38.60, -35.70, 4.32
2013-04-19 15:57:21,625,1366412241.626000,-38.60, -35.70, 4.32
2013-04-19 15:57:25,058,1366412245.058000,-38.70, -35.70, 4.32
2013-04-19 15:57:29,082,1366412249.083000,-38.70, -35.70, 4.32
2013-04-19 15:57:32,811,1366412252.811000,-38.80, -35.70, 4.32
2013-04-19 15:57:35,961,1366412255.962000,-38.90, -35.70, 4.32
2013-04-19 15:57:39,535,1366412259.535000,-38.90, -36.00, 4.32
2013-04-19 15:57:42,513,1366412262.514000,-39.00, -36.00, 4.32
2013-04-19 15:57:46,196,1366412266.196000,-39.00, -36.00, 4.31
2013-04-19 15:57:49,706,1366412269.706000,-39.00, -36.30, 4.32
2013-04-19 15:57:53,263,1366412273.263000,-39.10, -36.00, 4.32
2013-04-19 15:57:56,289,1366412276.289000,-39.10, -36.00, 4.32
2013-04-19 15:58:00,252,1366412280.252000,-39.20, -36.00, 4.32
2013-04-19 15:58:02,450,1366412282.451000,-39.20, -36.00, 4.32
2013-04-19 15:58:03,512,1366412283.512000,-39.30, -36.30, 4.32
2013-04-19 15:58:04,572,1366412284.573000,-39.30, -36.30, 4.32
2013-04-19 15:58:05,634,1366412285.634000,-39.30, -36.30, 4.32
2013-04-19 15:58:06,694,1366412286.694000,-39.30, -36.30, 4.31
2013-04-19 15:58:07,755,1366412287.755000,-39.30, -36.30, 4.32
2013-04-19 15:58:08,815,1366412288.816000,-39.30, -36.30, 4.31
2013-04-19 15:58:09,877,1366412289.877000,-39.40, -36.30, 4.32
2013-04-19 15:58:10,953,1366412290.953000,-39.40, -36.30, 4.32
2013-04-19 15:58:12,029,1366412292.030000,-39.40, -36.30, 4.32
2013-04-19 15:58:13,105,1366412293.106000,-39.40, -36.30, 4.31
2013-04-19 15:58:14,181,1366412294.182000,-39.40, -36.30, 4.32
2013-04-19 15:58:15,259,1366412295.259000,-39.40, -36.30, 4.32
2013-04-19 15:58:16,335,1366412296.335000,-39.40, -36.30, 4.32
2013-04-19 15:58:17,411,1366412297.412000,-39.50, -36.30, 4.31
2013-04-19 15:58:18,503,1366412298.504000,-39.50, -36.60, 4.32
2013-04-19 15:58:19,579,1366412299.580000,-39.50, -36.30, 4.31
2013-04-19 15:58:20,671,1366412300.672000,-39.50, -36.30, 4.32
2013-04-19 15:58:21,763,1366412301.764000,-39.50, -36.60, 4.32
2013-04-19 15:58:22,855,1366412302.856000,-39.50, -36.60, 4.32
2013-04-19 15:58:23,931,1366412303.932000,-39.50, -36.30, 4.32
2013-04-19 15:58:25,009,1366412305.009000,-39.60, -36.30, 4.32
2013-04-19 15:58:26,101,1366412306.101000,-39.60, -36.60, 4.32
2013-04-19 15:58:27,177,1366412307.177000,-39.60, -36.60, 4.32
2013-04-19 15:58:28,269,1366412308.269000,-39.60, -36.30, 4.32
2013-04-19 15:58:29,377,1366412309.377000,-39.60, -36.60, 4.32
2013-04-19 15:58:30,500,1366412310.500000,-39.60, -36.30, 4.32
2013-04-19 15:58:31,592,1366412311.592000,-39.60, -36.60, 4.32
2013-04-19 15:58:32,730,1366412312.731000,-39.70, -36.90, 4.31
2013-04-19 15:58:33,884,1366412313.885000,-39.70, -36.60, 4.32
2013-04-19 15:58:35,039,1366412315.040000,-39.70, -36.60, 4.32
2013-04-19 15:58:36,194,1366412316.194000,-39.70, -36.60, 4.32
2013-04-19 15:58:37,348,1366412317.348000,-39.70, -36.30, 4.32
2013-04-19 15:58:38,503,1366412318.503000,-39.70, -36.60, 4.32
2013-04-19 15:58:39,657,1366412319.657000,-39.70, -36.60, 4.31
2013-04-19 15:58:40,812,1366412320.812000,-39.80, -36.60, 4.32
2013-04-19 15:58:41,966,1366412321.966000,-39.80, -36.60, 4.31
2013-04-19 15:58:43,121,1366412323.121000,-39.80, -36.90, 4.32
2013-04-19 15:58:44,275,1366412324.275000,-39.80, -36.60, 4.32
2013-04-19 15:58:45,428,1366412325.429000,-39.80, -36.60, 4.31
2013-04-19 15:58:46,584,1366412326.584000,-39.80, -36.60, 4.32
2013-04-19 15:58:47,737,1366412327.738000,-39.80, -36.90, 4.31
2013-04-19 15:58:48,892,1366412328.893000,-39.90, -36.90, 4.32
2013-04-19 15:58:50,062,1366412330.063000,-39.90, -36.60, 4.31
2013-04-19 15:58:51,217,1366412331.217000,-39.90, -36.90, 4.32
2013-04-19 15:58:52,371,1366412332.371000,-39.90, -36.60, 4.31
2013-04-19 15:58:53,526,1366412333.526000,-39.90, -36.90, 4.32
2013-04-19 15:58:54,680,1366412334.680000,-39.90, -36.90, 4.31
2013-04-19 15:58:55,835,1366412335.835000,-39.90, -36.90, 4.32
2013-04-19 15:58:56,989,1366412336.989000,-40.00, -36.90, 1.12
2013-04-19 15:58:58,142,1366412338.143000,-40.00, -36.90, 4.32
2013-04-19 15:58:59,298,1366412339.298000,-40.00, -36.90, 4.32
2013-04-19 15:59:00,451,1366412340.452000,-40.00, -36.90, 4.31
2013-04-19 15:59:01,607,1366412341.607000,-40.00, -36.90, 4.32
2013-04-19 15:59:02,760,1366412342.761000,-40.00, -36.90, 4.31
2013-04-19 15:59:03,914,1366412343.915000,-40.00, -36.90, 4.32
2013-04-19 15:59:05,069,1366412345.070000,-40.10, -36.90, 4.31
2013-04-19 15:59:06,223,1366412346.224000,-40.10, -36.90, 4.32
2013-04-19 15:59:07,378,1366412347.379000,-40.10, -36.90, 4.31
2013-04-19 15:59:08,532,1366412348.533000,-40.10, -37.20, 4.32
2013-04-19 15:59:09,687,1366412349.687000,-40.10, -36.90, 4.31
2013-04-19 15:59:10,842,1366412350.842000,-40.10, -37.20, 4.32
2013-04-19 15:59:11,996,1366412351.996000,-40.10, -36.60, 4.31
2013-04-19 15:59:13,151,1366412353.151000,-40.10, -36.90, 4.32
2013-04-19 15:59:14,305,1366412354.305000,-40.20, -37.20, 4.32
2013-04-19 15:59:15,459,1366412355.459000,-40.20, -37.20, 4.32
2013-04-19 15:59:16,614,1366412356.614000,-40.20, -36.90, 4.32
2013-04-19 15:59:17,767,1366412357.768000,-40.20, -37.20, 4.32
2013-04-19 15:59:18,923,1366412358.923000,-40.20, -36.90, 4.32
2013-04-19 15:59:20,076,1366412360.077000,-40.20, -36.90, 4.32
2013-04-19 15:59:21,230,1366412361.231000,-40.20, -36.90, 4.32
2013-04-19 15:59:22,385,1366412362.386000,-40.30, -36.90, 4.31
2013-04-19 15:59:23,539,1366412363.540000,-40.30, -37.20, 4.32
2013-04-19 15:59:24,694,1366412364.695000,-40.30, -37.20, 4.31
2013-04-19 15:59:25,848,1366412365.849000,-40.30, -36.90, 4.32
2013-04-19 15:59:27,003,1366412367.003000,-40.30, -37.20, 4.31
2013-04-19 15:59:28,157,1366412368.158000,-40.30, -37.20, 4.31
2013-04-19 15:59:29,312,1366412369.312000,-40.30, -36.90, 4.32
2013-04-19 15:59:30,467,1366412370.467000,-40.30, -37.20, 4.31
2013-04-19 15:59:31,621,1366412371.621000,-40.40, -37.20, 4.32
2013-04-19 15:59:32,775,1366412372.775000,-40.40, -37.20, 4.31
2013-04-19 15:59:33,930,1366412373.930000,-40.40, -37.20, 4.32
2013-04-19 15:59:35,084,1366412375.084000,-40.40, -37.20, 4.31
2013-04-19 15:59:36,239,1366412376.239000,-40.40, -37.20, 4.32
2013-04-19 15:59:37,392,1366412377.393000,-40.40, -37.20, 4.32
2013-04-19 15:59:38,546,1366412378.547000,-40.40, -37.20, 4.32
2013-04-19 15:59:39,701,1366412379.702000,-40.40, -37.50, 4.32
2013-04-19 15:59:40,855,1366412380.856000,-40.50, -37.50, 4.32
2013-04-19 15:59:42,010,1366412382.011000,-40.50, -36.90, 4.32
2013-04-19 15:59:43,164,1366412383.165000,-40.50, -37.20, 4.31
2013-04-19 15:59:44,319,1366412384.319000,-40.50, -37.50, 4.32
2013-04-19 15:59:45,473,1366412385.474000,-40.50, -37.20, 4.31
2013-04-19 15:59:46,628,1366412386.628000,-40.50, -37.50, 4.32
2013-04-19 15:59:47,782,1366412387.783000,-40.50, -37.50, 4.31
2013-04-19 15:59:48,937,1366412388.937000,-40.50, -37.50, 4.31
2013-04-19 15:59:50,091,1366412390.091000,-40.60, -37.50, 4.31
2013-04-19 15:59:51,246,1366412391.246000,-40.60, -37.20, 4.31
2013-04-19 15:59:52,400,1366412392.400000,-40.60, -37.50, 4.32
2013-04-19 15:59:53,555,1366412393.555000,-40.60, -37.50, 4.31
2013-04-19 15:59:54,709,1366412394.709000,-40.60, -37.50, 4.32
2013-04-19 15:59:55,862,1366412395.863000,-40.60, -37.50, 4.31
2013-04-19 15:59:57,017,1366412397.018000,-40.60, -37.20, 4.32
2013-04-19 15:59:58,171,1366412398.172000,-40.60, -37.50, 4.31
2013-04-19 15:59:59,326,1366412399.327000,-40.70, -37.50, 4.32
2013-04-19 16:00:00,480,1366412400.481000,-40.70, -37.50, 4.32
2013-04-19 16:00:01,634,1366412401.635000,-40.70, -37.50, 4.32
2013-04-19 16:00:02,789,1366412402.790000,-40.70, -37.50, 4.32
2013-04-19 16:00:03,944,1366412403.944000,-40.70, -37.50, 4.32
2013-04-19 16:00:05,098,1366412405.099000,-40.70, -37.50, 4.31
2013-04-19 16:00:06,253,1366412406.253000,-40.70, -37.50, 4.32
2013-04-19 16:00:07,407,1366412407.407000,-40.70, -37.80, 4.32
2013-04-19 16:00:08,562,1366412408.562000,-40.70, -37.80, 4.32
2013-04-19 16:00:09,716,1366412409.716000,-40.80, -37.50, 4.31
2013-04-19 16:00:10,871,1366412410.871000,-40.80, -37.50, 4.32
2013-04-19 16:00:12,025,1366412412.025000,-40.80, -37.50, 4.32
2013-04-19 16:00:13,178,1366412413.179000,-40.80, -37.50, 4.32
2013-04-19 16:00:14,334,1366412414.334000,-40.80, -37.50, 4.32
2013-04-19 16:00:15,487,1366412415.488000,-40.80, -37.80, 4.32
2013-04-19 16:00:16,642,1366412416.643000,-40.80, -37.50, 4.32
2013-04-19 16:00:17,796,1366412417.797000,-40.80, -37.80, 4.31
2013-04-19 16:00:18,950,1366412418.951000,-40.90, -37.80, 4.32
2013-04-19 16:00:20,105,1366412420.106000,-40.90, -37.80, 4.31
2013-04-19 16:00:21,259,1366412421.260000,-40.90, -37.50, 4.32
2013-04-19 16:00:22,414,1366412422.415000,-40.90, -37.80, 4.31
2013-04-19 16:00:23,569,1366412423.569000,-40.90, -37.80, 4.32
2013-04-19 16:00:24,723,1366412424.723000,-40.90, -37.50, 4.31
2013-04-19 16:00:25,878,1366412425.878000,-40.90, -37.80, 4.32
2013-04-19 16:00:27,032,1366412427.032000,-40.90, -37.80, 4.31
2013-04-19 16:00:28,187,1366412428.187000,-41.00, -37.50, 4.31
2013-04-19 16:00:29,341,1366412429.341000,-41.00, -37.80, 4.31
2013-04-19 16:00:30,494,1366412430.495000,-41.00, -37.80, 4.31
2013-04-19 16:00:31,650,1366412431.650000,-41.00, -37.80, 4.32
2013-04-19 16:00:32,803,1366412432.804000,-41.00, -37.80, 4.31
2013-04-19 16:00:33,959,1366412433.959000,-41.00, -37.80, 4.32
2013-04-19 16:00:35,112,1366412435.113000,-41.00, -37.80, 4.31
2013-04-19 16:00:36,267,1366412436.268000,-41.00, -37.80, 4.32
2013-04-19 16:00:37,421,1366412437.422000,-41.00, -37.50, 4.31
2013-04-19 16:00:38,575,1366412438.576000,-41.00, -37.80, 4.32
2013-04-19 16:00:39,730,1366412439.731000,-41.10, -37.80, 4.32
2013-04-19 16:00:40,901,1366412440.901000,-41.10, -37.80, 4.31
2013-04-19 16:00:42,055,1366412442.055000,-41.10, -37.80, 4.32
2013-04-19 16:00:43,210,1366412443.210000,-41.10, -37.80, 4.32
2013-04-19 16:00:44,364,1366412444.364000,-41.10, -38.10, 4.32
2013-04-19 16:00:45,517,1366412445.518000,-41.10, -38.10, 4.31
2013-04-19 16:00:46,673,1366412446.673000,-41.10, -38.10, 4.32
2013-04-19 16:00:47,826,1366412447.827000,-41.10, -37.80, 4.31
2013-04-19 16:00:48,982,1366412448.982000,-41.20, -38.10, 4.32
2013-04-19 16:00:50,135,1366412450.136000,-41.20, -38.10, 4.31
2013-04-19 16:00:51,289,1366412451.290000,-41.20, -38.10, 4.32
2013-04-19 16:00:52,444,1366412452.445000,-41.20, -38.10, 4.31
2013-04-19 16:00:53,598,1366412453.599000,-41.20, -38.10, 4.32
2013-04-19 16:00:54,753,1366412454.754000,-41.20, -37.80, 4.31
2013-04-19 16:00:55,907,1366412455.908000,-41.20, -37.80, 4.32
2013-04-19 16:00:57,062,1366412457.062000,-41.20, -38.10, 4.31
2013-04-19 16:00:58,122,1366412458.123000,-41.20, -38.10, 4.32
2013-04-19 16:00:59,184,1366412459.184000,-41.30, -37.80, 4.31
2013-04-19 16:01:00,244,1366412460.245000,-41.30, -37.80, 4.32
2013-04-19 16:01:01,305,1366412461.306000,-41.30, -38.10, 4.31
2013-04-19 16:01:02,365,1366412462.366000,-41.30, -38.10, 4.32
2013-04-19 16:01:03,427,1366412463.427000,-41.30, -38.10, 4.31
2013-04-19 16:01:04,487,1366412464.488000,-41.30, -38.10, 4.32
2013-04-19 16:01:05,549,1366412465.549000,-41.30, -38.10, 4.32
2013-04-19 16:01:06,609,1366412466.610000,-41.30, -38.10, 4.31
2013-04-19 16:01:07,670,1366412467.670000,-41.30, -38.40, 4.31
2013-04-19 16:01:08,746,1366412468.747000,-41.30, -38.10, 4.31
2013-04-19 16:01:09,822,1366412469.823000,-41.30, -38.40, 4.31
2013-04-19 16:01:10,900,1366412470.900000,-41.40, -38.10, 4.31
2013-04-19 16:01:11,976,1366412471.976000,-41.40, -38.10, 4.31
2013-04-19 16:01:13,052,1366412473.052000,-41.40, -38.40, 4.32
2013-04-19 16:01:14,128,1366412474.129000,-41.40, -38.10, 4.31
2013-04-19 16:01:15,220,1366412475.221000,-41.40, -38.10, 4.32
2013-04-19 16:01:16,312,1366412476.313000,-41.40, -38.10, 4.31
2013-04-19 16:01:17,367,1366412477.367000,-41.40, -38.40, 4.31
2013-04-19 16:01:18,437,1366412478.438000,-41.40, -38.10, 4.31
2013-04-19 16:01:19,503,1366412479.504000,-41.40, -38.10, 4.32
2013-04-19 16:01:20,605,1366412480.606000,-41.40, -38.10, 4.31
2013-04-19 16:01:21,664,1366412481.665000,-41.40, -38.40, 4.31
2013-04-19 16:01:22,730,1366412482.730000,-41.50, -38.10, 4.31
2013-04-19 16:01:23,805,1366412483.805000,-41.50, -38.40, 4.31
2013-04-19 16:01:24,901,1366412484.902000,-41.50, -38.10, 4.31
2013-04-19 16:01:26,019,1366412486.019000,-41.50, -38.40, 4.31
2013-04-19 16:01:27,095,1366412487.095000,-41.50, -38.40, 4.31
2013-04-19 16:01:28,142,1366412488.143000,-41.50, -38.40, 4.32
2013-04-19 16:01:29,187,1366412489.188000,-41.50, -38.10, 4.31
2013-04-19 16:01:30,233,1366412490.233000,-41.50, -38.40, 4.32
2013-04-19 16:01:31,279,1366412491.279000,-41.50, -38.10, 4.31
2013-04-19 16:01:32,323,1366412492.324000,-41.50, -38.10, 4.32
2013-04-19 16:01:33,368,1366412493.369000,-41.50, -38.10, 4.31
2013-04-19 16:01:34,414,1366412494.415000,-41.60, -38.40, 4.31
2013-04-19 16:01:35,460,1366412495.461000,-41.60, -38.40, 4.31
2013-04-19 16:01:36,506,1366412496.507000,-41.60, -38.40, 4.32
2013-04-19 16:01:37,552,1366412497.552000,-41.60, -38.40, 4.31
2013-04-19 16:01:38,596,1366412498.597000,-41.60, -38.10, 4.31
2013-04-19 16:01:39,642,1366412499.643000,-41.60, -38.10, 4.31
2013-04-19 16:01:40,688,1366412500.689000,-41.60, -38.40, 4.31
2013-04-19 16:01:41,734,1366412501.735000,-41.60, -38.40, 4.31
2013-04-19 16:01:42,779,1366412502.780000,-41.60, -38.40, 4.31
2013-04-19 16:01:43,825,1366412503.825000,-41.60, -38.40, 4.31
2013-04-19 16:01:44,871,1366412504.871000,-41.60, -38.40, 4.31
2013-04-19 16:01:45,915,1366412505.916000,-41.70, -38.70, 4.31
2013-04-19 16:01:46,961,1366412506.962000,-41.70, -38.40, 4.31
2013-04-19 16:01:48,006,1366412508.007000,-41.70, -38.40, 4.32
2013-04-19 16:01:49,052,1366412509.053000,-41.70, -38.40, 4.31
2013-04-19 16:01:50,098,1366412510.099000,-41.70, -38.40, 4.31
2013-04-19 16:01:51,144,1366412511.145000,-41.70, -38.40, 4.31
2013-04-19 16:01:52,190,1366412512.191000,-41.70, -38.40, 4.31
2013-04-19 16:01:53,236,1366412513.236000,-41.70, -38.40, 4.32
2013-04-19 16:01:54,282,1366412514.282000,-41.70, -38.70, 4.31
2013-04-19 16:01:55,328,1366412515.328000,-41.70, -38.70, 4.31
2013-04-19 16:01:56,374,1366412516.374000,-41.70, -38.70, 4.31
2013-04-19 16:01:57,420,1366412517.420000,-41.80, -38.40, 4.31
2013-04-19 16:01:58,464,1366412518.465000,-41.80, -38.70, 4.31
2013-04-19 16:01:59,510,1366412519.511000,-41.80, -38.40, 4.31
2013-04-19 16:02:00,556,1366412520.557000,-41.80, -38.70, 4.31
2013-04-19 16:02:01,602,1366412521.603000,-41.80, -38.40, 4.31
2013-04-19 16:02:02,648,1366412522.649000,-41.80, -38.40, 4.31
2013-04-19 16:02:03,694,1366412523.695000,-41.80, -38.40, 4.31
2013-04-19 16:02:04,740,1366412524.741000,-41.80, -38.40, 4.31
2013-04-19 16:02:05,786,1366412525.787000,-41.80, -38.40, 4.31
2013-04-19 16:02:06,832,1366412526.833000,-41.80, -38.70, 4.31
2013-04-19 16:02:07,878,1366412527.878000,-41.80, -38.40, 4.31
2013-04-19 16:02:08,924,1366412528.925000,-41.80, -38.40, 4.31
2013-04-19 16:02:09,970,1366412529.971000,-41.90, -38.70, 4.31
2013-04-19 16:02:11,016,1366412531.017000,-41.90, -38.40, 4.31
2013-04-19 16:02:12,062,1366412532.063000,-41.90, -38.40, 4.31
2013-04-19 16:02:13,108,1366412533.109000,-41.90, -38.70, 4.31
2013-04-19 16:02:14,154,1366412534.155000,-41.90, -38.70, 4.31
2013-04-19 16:02:15,200,1366412535.200000,-41.90, -38.70, 4.31
2013-04-19 16:02:16,246,1366412536.246000,-41.90, -38.40, 4.31
2013-04-19 16:02:17,290,1366412537.291000,-41.90, -38.70, 4.31
2013-04-19 16:02:18,336,1366412538.337000,-41.90, -38.40, 4.31
2013-04-19 16:02:19,382,1366412539.383000,-41.90, -38.70, 4.31
2013-04-19 16:02:20,428,1366412540.429000,-41.90, -38.70, 4.31
2013-04-19 16:02:21,473,1366412541.474000,-41.90, -38.70, 4.31
2013-04-19 16:02:22,519,1366412542.519000,-42.00, -38.70, 4.31
2013-04-19 16:02:23,565,1366412543.565000,-42.00, -38.70, 4.31
2013-04-19 16:02:24,611,1366412544.611000,-42.00, -38.40, 4.31
2013-04-19 16:02:25,657,1366412545.657000,-42.00, -38.70, 4.31
2013-04-19 16:02:26,703,1366412546.704000,-42.00, -38.70, 4.31
2013-04-19 16:02:27,750,1366412547.750000,-42.00, -38.70, 4.31
2013-04-19 16:02:28,795,1366412548.795000,-42.00, -39.00, 4.31
2013-04-19 16:02:29,841,1366412549.841000,-42.00, -38.70, 4.31
2013-04-19 16:02:30,885,1366412550.886000,-42.00, -39.00, 4.31
2013-04-19 16:02:31,931,1366412551.932000,-42.00, -39.00, 4.31
2013-04-19 16:02:32,976,1366412552.977000,-42.00, -38.70, 4.31
2013-04-19 16:02:34,023,1366412554.023000,-42.00, -39.00, 4.31
2013-04-19 16:02:35,069,1366412555.069000,-42.00, -38.70, 4.31
2013-04-19 16:02:36,115,1366412556.115000,-42.10, -38.70, 4.31
2013-04-19 16:02:37,164,1366412557.165000,-42.10, -38.70, 4.32
2013-04-19 16:02:38,214,1366412558.215000,-42.10, -38.70, 4.31
2013-04-19 16:02:39,260,1366412559.261000,-42.10, -39.00, 4.31
2013-04-19 16:02:40,306,1366412560.307000,-42.10, -39.00, 4.31
2013-04-19 16:02:41,352,1366412561.353000,-42.10, -38.70, 4.31
2013-04-19 16:02:42,398,1366412562.398000,-42.10, -38.70, 4.31
2013-04-19 16:02:43,443,1366412563.443000,-42.10, -39.00, 4.31
2013-04-19 16:02:44,490,1366412564.490000,-42.10, -39.00, 4.31
2013-04-19 16:02:45,535,1366412565.535000,-42.10, -38.70, 4.31
2013-04-19 16:02:46,581,1366412566.581000,-42.10, -39.00, 4.31
2013-04-19 16:02:47,625,1366412567.626000,-42.10, -39.00, 4.31
2013-04-19 16:02:48,671,1366412568.672000,-42.10, -39.00, 4.31
2013-04-19 16:02:49,717,1366412569.717000,-42.20, -38.70, 4.31
2013-04-19 16:02:50,763,1366412570.763000,-42.20, -38.70, 4.31
2013-04-19 16:02:51,809,1366412571.809000,-42.20, -39.00, 4.31
2013-04-19 16:02:52,854,1366412572.854000,-42.20, -39.00, 4.31
2013-04-19 16:02:53,898,1366412573.899000,-42.20, -39.00, 4.31
2013-04-19 16:02:54,944,1366412574.945000,-42.20, -38.70, 4.31
2013-04-19 16:02:55,990,1366412575.991000,-42.20, -39.00, 4.31
2013-04-19 16:02:57,036,1366412577.036000,-42.20, -38.70, 4.31
2013-04-19 16:02:58,082,1366412578.082000,-42.20, -39.00, 4.31
2013-04-19 16:02:59,128,1366412579.128000,-42.20, -38.70, 4.31
2013-04-19 16:03:00,174,1366412580.174000,-42.20, -39.00, 4.31
2013-04-19 16:03:01,219,1366412581.219000,-42.20, -38.70, 4.31
2013-04-19 16:03:02,266,1366412582.266000,-42.20, -38.70, 4.31
2013-04-19 16:03:03,311,1366412583.311000,-42.30, -39.00, 4.31
2013-04-19 16:03:04,357,1366412584.357000,-42.30, -39.00, 4.31
2013-04-19 16:03:05,403,1366412585.403000,-42.30, -39.00, 4.31
2013-04-19 16:03:06,448,1366412586.449000,-42.30, -39.00, 4.31
2013-04-19 16:03:07,493,1366412587.494000,-42.30, -39.00, 4.31
2013-04-19 16:03:08,539,1366412588.539000,-42.30, -39.00, 4.31
2013-04-19 16:03:09,585,1366412589.585000,-42.30, -39.30, 4.31
2013-04-19 16:03:10,631,1366412590.631000,-42.30, -38.70, 4.31
2013-04-19 16:03:11,677,1366412591.677000,-42.30, -38.70, 4.31
2013-04-19 16:03:12,723,1366412592.723000,-42.30, -39.00, 4.31
2013-04-19 16:03:13,769,1366412593.769000,-42.30, -38.70, 4.31
2013-04-19 16:03:14,815,1366412594.815000,-42.30, -39.00, 4.31
2013-04-19 16:03:15,861,1366412595.861000,-42.30, -39.00, 4.31
2013-04-19 16:03:16,907,1366412596.907000,-42.30, -39.00, 4.31
2013-04-19 16:03:17,953,1366412597.953000,-42.30, -39.00, 4.31
2013-04-19 16:03:19,000,1366412599.000000,-42.40, -39.00, 4.31
2013-04-19 16:03:20,046,1366412600.046000,-42.40, -39.00, 4.31
2013-04-19 16:03:21,092,1366412601.092000,-42.40, -39.00, 4.31
2013-04-19 16:03:22,138,1366412602.138000,-42.40, -39.00, 4.31
2013-04-19 16:03:23,184,1366412603.184000,-42.40, -39.00, 4.31
2013-04-19 16:03:24,230,1366412604.230000,-42.40, -39.00, 4.31
2013-04-19 16:03:25,276,1366412605.276000,-42.40, -39.00, 4.31
2013-04-19 16:03:26,321,1366412606.321000,-42.40, -39.00, 4.31
2013-04-19 16:03:27,367,1366412607.367000,-42.40, -39.30, 4.31
2013-04-19 16:03:28,411,1366412608.412000,-42.40, -39.30, 4.31
2013-04-19 16:03:29,457,1366412609.457000,-42.40, -39.00, 4.31
2013-04-19 16:03:30,503,1366412610.503000,-42.40, -39.30, 4.31
2013-04-19 16:03:31,549,1366412611.549000,-42.40, -39.00, 4.31
2013-04-19 16:03:32,595,1366412612.595000,-42.40, -39.00, 4.31
2013-04-19 16:03:33,641,1366412613.641000,-42.40, -39.00, 4.31
2013-04-19 16:03:34,687,1366412614.687000,-42.50, -39.30, 4.31
2013-04-19 16:03:35,733,1366412615.733000,-42.50, -39.00, 4.31
2013-04-19 16:03:36,779,1366412616.779000,-42.50, -39.30, 4.31
2013-04-19 16:03:37,825,1366412617.825000,-42.50, -39.00, 4.31
2013-04-19 16:03:38,861,1366412618.861000,-42.50, -39.00, 4.31
2013-04-19 16:03:39,890,1366412619.890000,-42.50, -39.30, 4.31
2013-04-19 16:03:40,920,1366412620.920000,-42.50, -39.30, 4.31
2013-04-19 16:03:41,959,1366412621.959000,-42.50, -39.30, 4.31
2013-04-19 16:03:42,993,1366412622.993000,-42.50, -39.00, 4.31
2013-04-19 16:03:44,029,1366412624.030000,-42.50, -39.00, 4.31
2013-04-19 16:03:45,068,1366412625.068000,-42.50, -39.30, 4.31
2013-04-19 16:03:46,108,1366412626.109000,-42.50, -39.00, 4.31
2013-04-19 16:03:47,151,1366412627.151000,-42.50, -39.00, 4.31
2013-04-19 16:03:48,194,1366412628.194000,-42.50, -39.00, 4.31
2013-04-19 16:03:49,242,1366412629.242000,-42.50, -39.30, 4.31
2013-04-19 16:03:50,289,1366412630.289000,-42.60, -39.30, 4.31
2013-04-19 16:03:51,338,1366412631.338000,-42.60, -39.30, 4.31
2013-04-19 16:03:52,388,1366412632.389000,-42.60, -39.30, 4.31
2013-04-19 16:03:53,441,1366412633.442000,-42.60, -39.30, 4.31
2013-04-19 16:03:54,506,1366412634.506000,-42.60, -39.00, 4.31
2013-04-19 16:03:55,568,1366412635.568000,-42.60, -39.30, 4.31
2013-04-19 16:03:56,640,1366412636.640000,-42.60, -39.30, 4.31
2013-04-19 16:03:57,701,1366412637.702000,-42.60, -39.30, 4.31
2013-04-19 16:03:58,756,1366412638.757000,-42.60, -39.30, 4.31
2013-04-19 16:03:59,819,1366412639.819000,-42.60, -39.30, 4.31
2013-04-19 16:04:00,878,1366412640.879000,-42.60, -39.30, 4.31
2013-04-19 16:04:01,957,1366412641.957000,-42.60, -39.30, 4.31
2013-04-19 16:04:03,022,1366412643.022000,-42.60, -39.30, 4.31
2013-04-19 16:04:04,076,1366412644.077000,-42.60, -39.30, 4.31
2013-04-19 16:04:05,141,1366412645.142000,-42.60, -39.30, 4.31
2013-04-19 16:04:06,207,1366412646.207000,-42.60, -39.00, 4.31
2013-04-19 16:04:07,257,1366412647.258000,-42.60, -39.30, 4.31
2013-04-19 16:04:08,331,1366412648.331000,-42.70, -39.30, 4.31
2013-04-19 16:04:09,433,1366412649.433000,-42.70, -39.30, 4.31
2013-04-19 16:04:10,532,1366412650.533000,-42.70, -39.00, 4.31
2013-04-19 16:04:11,634,1366412651.634000,-42.70, -39.60, 4.31
2013-04-19 16:04:12,733,1366412652.733000,-42.70, -39.30, 4.31
2013-04-19 16:04:13,832,1366412653.833000,-42.70, -39.60, 4.31
2013-04-19 16:04:14,934,1366412654.934000,-42.70, -39.30, 4.31
2013-04-19 16:04:16,033,1366412656.034000,-42.70, -39.30, 4.31
2013-04-19 16:04:17,132,1366412657.133000,-42.70, -39.30, 4.31
2013-04-19 16:04:18,233,1366412658.233000,-42.70, -39.30, 4.31
2013-04-19 16:04:19,332,1366412659.333000,-42.70, -39.60, 4.31
2013-04-19 16:04:20,433,1366412660.433000,-42.70, -39.30, 4.31
2013-04-19 16:04:21,532,1366412661.532000,-42.70, -39.30, 4.31
2013-04-19 16:04:22,631,1366412662.632000,-42.70, -39.60, 4.31
2013-04-19 16:04:23,732,1366412663.732000,-42.80, -39.30, 4.31
2013-04-19 16:04:24,831,1366412664.831000,-42.80, -39.30, 4.31
2013-04-19 16:04:25,930,1366412665.931000,-42.80, -39.60, 4.31
2013-04-19 16:04:27,029,1366412667.030000,-42.80, -39.30, 4.31
2013-04-19 16:04:28,130,1366412668.130000,-42.80, -39.60, 4.31
2013-04-19 16:04:29,230,1366412669.230000,-42.80, -39.60, 4.31
2013-04-19 16:04:30,329,1366412670.330000,-42.80, -39.30, 4.31
2013-04-19 16:04:31,430,1366412671.430000,-42.80, -39.30, 4.31
2013-04-19 16:04:32,529,1366412672.530000,-42.80, -39.60, 4.31
2013-04-19 16:04:33,628,1366412673.629000,-42.80, -39.60, 4.31
2013-04-19 16:04:34,729,1366412674.729000,-42.80, -39.30, 4.31
2013-04-19 16:04:35,828,1366412675.828000,-42.80, -39.30, 4.31
2013-04-19 16:04:36,927,1366412676.928000,-42.80, -39.60, 4.31
2013-04-19 16:04:38,029,1366412678.029000,-42.90, -39.30, 4.31
2013-04-19 16:04:39,128,1366412679.129000,-42.90, -39.30, 4.31
2013-04-19 16:04:40,227,1366412680.228000,-42.90, -39.60, 4.31
2013-04-19 16:04:41,328,1366412681.328000,-42.90, -39.60, 4.31
2013-04-19 16:04:42,427,1366412682.427000,-42.90, -39.60, 4.31
2013-04-19 16:04:43,526,1366412683.527000,-42.90, -39.60, 4.31
2013-04-19 16:04:44,627,1366412684.627000,-43.00, -39.60, 4.31
2013-04-19 16:04:45,726,1366412685.727000,-43.00, -39.60, 4.31
2013-04-19 16:04:46,828,1366412686.828000,-43.00, -39.30, 4.31
2013-04-19 16:04:47,927,1366412687.928000,-43.00, -39.60, 4.31
2013-04-19 16:04:49,028,1366412689.028000,-43.00, -39.60, 4.31
2013-04-19 16:04:50,128,1366412690.128000,-43.10, -39.60, 4.31
2013-04-19 16:04:51,227,1366412691.228000,-43.10, -39.60, 4.31
2013-04-19 16:04:52,326,1366412692.327000,-43.10, -39.60, 4.31
2013-04-19 16:04:53,427,1366412693.427000,-43.10, -39.60, 4.31
2013-04-19 16:04:54,526,1366412694.527000,-43.20, -39.90, 4.31
2013-04-19 16:04:55,625,1366412695.626000,-43.20, -39.90, 4.31
2013-04-19 16:04:56,726,1366412696.726000,-43.20, -39.90, 4.31
2013-04-19 16:04:57,825,1366412697.826000,-43.20, -39.90, 4.31
2013-04-19 16:04:58,926,1366412698.926000,-43.20, -39.90, 4.31
2013-04-19 16:05:00,026,1366412700.026000,-43.20, -39.60, 4.31
2013-04-19 16:05:01,125,1366412701.126000,-43.30, -39.60, 4.31
2013-04-19 16:05:02,226,1366412702.226000,-43.30, -39.60, 4.31
2013-04-19 16:05:03,325,1366412703.325000,-43.30, -39.90, 4.31
2013-04-19 16:05:04,426,1366412704.426000,-43.30, -39.90, 4.31
2013-04-19 16:05:05,526,1366412705.526000,-43.30, -39.90, 4.31
2013-04-19 16:05:06,625,1366412706.626000,-43.40, -39.90, 4.31
2013-04-19 16:05:07,726,1366412707.726000,-43.40, -39.90, 4.31
2013-04-19 16:05:08,825,1366412708.825000,-43.40, -39.90, 4.31
2013-04-19 16:05:09,926,1366412709.926000,-43.40, -39.90, 4.31
