2013-04-19 13:58:51,115,1366405131.115000,-44.10, -40.50, 4.31
2013-04-19 13:58:51,309,1366405131.310000,-44.10, -40.50, 0.01
2013-04-19 13:58:52,371,1366405132.372000,-44.10, -40.50, 0.00
2013-04-19 13:58:53,434,1366405133.435000,-43.90, -39.90, 0.00
2013-04-19 13:58:54,496,1366405134.497000,-43.60, -39.30, 0.00
2013-04-19 13:58:55,558,1366405135.558000,-43.20, -39.00, 0.00
2013-04-19 13:58:56,619,1366405136.620000,-42.80, -38.40, 0.00
2013-04-19 13:58:57,683,1366405137.683000,-42.30, -38.10, 0.00
2013-04-19 13:58:58,743,1366405138.744000,-41.80, -37.50, 0.00
2013-04-19 13:58:59,805,1366405139.806000,-41.30, -36.60, 0.00
2013-04-19 13:59:00,868,1366405140.868000,-40.80, -36.30, 0.00
2013-04-19 13:59:01,930,1366405141.931000,-40.20, -35.70, 0.00
2013-04-19 13:59:02,993,1366405142.993000,-39.70, -35.40, 0.00
2013-04-19 13:59:04,055,1366405144.055000,-39.20, -34.80, 0.00
2013-04-19 13:59:05,117,1366405145.117000,-38.70, -34.20, 0.00
2013-04-19 13:59:06,180,1366405146.180000,-38.10, -33.90, 0.00
2013-04-19 13:59:07,242,1366405147.242000,-37.60, -33.30, 0.00
2013-04-19 13:59:08,303,1366405148.304000,-37.10, -33.00, 0.00
2013-04-19 13:59:09,365,1366405149.366000,-36.60, -32.10, 0.00
2013-04-19 13:59:10,427,1366405150.428000,-36.10, -31.80, 0.00
2013-04-19 13:59:11,490,1366405151.490000,-35.60, -31.50, 0.00
2013-04-19 13:59:12,552,1366405152.552000,-35.10, -30.90, 0.00
2013-04-19 13:59:13,615,1366405153.615000,-34.60, -30.30, 0.00
2013-04-19 13:59:14,677,1366405154.677000,-34.10, -30.00, 0.00
2013-04-19 13:59:15,737,1366405155.738000,-33.60, -29.40, 0.00
2013-04-19 13:59:16,799,1366405156.800000,-33.20, -29.10, 0.00
2013-04-19 13:59:17,861,1366405157.862000,-32.70, -28.80, 0.00
2013-04-19 13:59:18,924,1366405158.925000,-32.20, -28.20, 0.00
2013-04-19 13:59:19,986,1366405159.987000,-31.80, -27.60, 0.00
2013-04-19 13:59:21,049,1366405161.050000,-31.30, -27.60, 0.00
2013-04-19 13:59:22,111,1366405162.111000,-30.90, -27.00, 0.00
2013-04-19 13:59:23,173,1366405163.173000,-30.50, -26.40, 0.00
2013-04-19 13:59:24,216,1366405164.216000,-30.00, -26.40, 0.00
2013-04-19 13:59:25,243,1366405165.243000,-29.60, -25.80, 0.00
2013-04-19 13:59:26,273,1366405166.274000,-29.20, -25.20, 0.00
2013-04-19 13:59:27,306,1366405167.307000,-28.80, -24.90, 0.00
2013-04-19 13:59:28,342,1366405168.342000,-28.40, -24.60, 0.00
2013-04-19 13:59:29,378,1366405169.379000,-28.00, -24.30, 0.00
2013-04-19 13:59:30,415,1366405170.416000,-27.60, -23.70, 0.00
2013-04-19 13:59:31,454,1366405171.455000,-27.20, -23.40, 0.00
2013-04-19 13:59:32,494,1366405172.495000,-26.80, -23.10, 0.00
2013-04-19 13:59:33,536,1366405173.537000,-26.40, -22.50, 0.00
2013-04-19 13:59:34,584,1366405174.584000,-26.10, -22.20, 0.00
2013-04-19 13:59:35,628,1366405175.629000,-25.70, -21.90, 0.00
2013-04-19 13:59:36,684,1366405176.684000,-25.30, -21.90, 0.00
2013-04-19 13:59:37,734,1366405177.735000,-24.90, -21.30, 0.00
2013-04-19 13:59:38,788,1366405178.788000,-24.90, -20.70, 0.00
2013-04-19 13:59:39,845,1366405179.845000,-24.20, -20.40, 0.00
2013-04-19 13:59:40,900,1366405180.900000,-23.80, -20.10, 0.00
2013-04-19 13:59:41,954,1366405181.955000,-23.50, -20.10, 0.00
2013-04-19 13:59:43,010,1366405183.011000,-23.10, -19.50, 0.00
2013-04-19 13:59:44,071,1366405184.071000,-22.80, -19.20, 0.00
2013-04-19 13:59:45,144,1366405185.144000,-22.40, -18.90, 0.00
2013-04-19 13:59:46,219,1366405186.219000,-22.10, -18.60, 0.00
2013-04-19 13:59:47,292,1366405187.293000,-21.70, -18.00, 0.00
2013-04-19 13:59:48,357,1366405188.357000,-21.40, -18.00, 0.00
2013-04-19 13:59:49,413,1366405189.413000,-21.10, -17.40, 0.00
2013-04-19 13:59:50,492,1366405190.492000,-20.70, -17.10, 0.00
2013-04-19 13:59:51,558,1366405191.558000,-20.40, -16.80, 0.00
2013-04-19 13:59:52,615,1366405192.616000,-20.10, -16.50, 0.00
2013-04-19 13:59:53,691,1366405193.692000,-19.70, -16.50, 0.00
2013-04-19 13:59:54,753,1366405194.754000,-19.40, -16.20, 0.00
2013-04-19 13:59:55,815,1366405195.816000,-19.10, -15.60, 0.00
2013-04-19 13:59:56,880,1366405196.880000,-18.80, -15.60, 0.00
2013-04-19 13:59:57,944,1366405197.945000,-18.50, -15.00, 0.00
2013-04-19 13:59:59,006,1366405199.006000,-18.20, -14.70, 0.00
2013-04-19 14:00:00,068,1366405200.068000,-17.90, -14.70, 0.00
2013-04-19 14:00:01,131,1366405201.131000,-17.60, -14.10, 0.00
2013-04-19 14:00:02,191,1366405202.192000,-17.30, -13.80, 0.00
2013-04-19 14:00:03,255,1366405203.255000,-17.00, -13.80, 0.00
2013-04-19 14:00:04,323,1366405204.324000,-16.70, -13.20, 0.00
2013-04-19 14:00:05,388,1366405205.388000,-16.40, -13.20, 0.00
2013-04-19 14:00:06,453,1366405206.453000,-16.10, -12.60, 0.00
2013-04-19 14:00:07,528,1366405207.528000,-15.80, -12.60, 0.00
2013-04-19 14:00:08,621,1366405208.621000,-15.50, -12.30, 0.00
2013-04-19 14:00:09,684,1366405209.684000,-15.20, -12.00, 0.00
2013-04-19 14:00:10,746,1366405210.746000,-14.90, -11.70, 0.00
2013-04-19 14:00:11,809,1366405211.809000,-14.70, -11.70, 0.00
2013-04-19 14:00:12,871,1366405212.872000,-14.40, -11.40, 0.00
2013-04-19 14:00:13,933,1366405213.933000,-14.10, -11.10, 0.00
2013-04-19 14:00:14,997,1366405214.998000,-13.80, -10.50, 0.00
2013-04-19 14:00:16,068,1366405216.068000,-13.60, -10.50, 0.00
2013-04-19 14:00:17,130,1366405217.130000,-13.30, -10.20, 0.00
2013-04-19 14:00:18,191,1366405218.192000,-13.00, -9.90, 0.00
2013-04-19 14:00:19,253,1366405219.254000,-12.80, -9.90, 0.00
2013-04-19 14:00:20,316,1366405220.317000,-12.50, -9.30, 0.00
2013-04-19 14:00:21,382,1366405221.383000,-12.20, -9.30, 0.00
2013-04-19 14:00:22,448,1366405222.449000,-12.00, -9.00, 0.00
2013-04-19 14:00:23,513,1366405223.514000,-11.70, -8.70, 0.00
2013-04-19 14:00:24,575,1366405224.576000,-11.50, -8.40, 0.00
2013-04-19 14:00:25,641,1366405225.642000,-11.20, -8.40, 0.00
2013-04-19 14:00:26,703,1366405226.704000,-11.00, -8.10, 0.00
2013-04-19 14:00:27,766,1366405227.766000,-10.70, -7.50, 0.00
2013-04-19 14:00:28,828,1366405228.829000,-10.50, -7.20, 0.00
2013-04-19 14:00:29,891,1366405229.891000,-10.30, -7.20, 0.00
2013-04-19 14:00:30,954,1366405230.955000,-10.00, -6.90, 0.00
2013-04-19 14:00:32,019,1366405232.020000,-9.80, -6.90, 0.00
2013-04-19 14:00:33,082,1366405233.083000,-9.50, -6.60, 0.00
2013-04-19 14:00:34,150,1366405234.150000,-9.30, -6.30, 0.00
2013-04-19 14:00:35,211,1366405235.212000,-9.10, -6.00, 0.00
2013-04-19 14:00:36,276,1366405236.277000,-8.80, -5.70, 0.00
2013-04-19 14:00:37,341,1366405237.341000,-8.60, -5.40, 0.00
2013-04-19 14:00:38,404,1366405238.405000,-8.40, -5.10, 0.00
2013-04-19 14:00:39,469,1366405239.469000,-8.10, -5.10, 0.00
2013-04-19 14:00:40,532,1366405240.532000,-7.90, -5.10, 0.00
2013-04-19 14:00:41,595,1366405241.595000,-7.70, -4.80, 0.00
2013-04-19 14:00:42,657,1366405242.657000,-7.50, -4.50, 0.00
2013-04-19 14:00:43,719,1366405243.719000,-7.30, -4.20, 0.00
2013-04-19 14:00:44,782,1366405244.782000,-7.00, -4.20, 0.00
2013-04-19 14:00:45,845,1366405245.845000,-6.80, -3.90, 0.00
2013-04-19 14:00:46,907,1366405246.907000,-6.60, -3.60, 0.00
2013-04-19 14:00:47,979,1366405247.979000,-6.40, -3.60, 0.00
2013-04-19 14:00:49,045,1366405249.045000,-6.20, -3.00, 0.00
2013-04-19 14:00:50,109,1366405250.110000,-6.00, -3.00, 0.00
2013-04-19 14:00:51,171,1366405251.171000,-5.80, -3.00, 0.00
2013-04-19 14:00:52,233,1366405252.233000,-5.60, -2.40, 0.00
2013-04-19 14:00:53,296,1366405253.296000,-5.30, -2.10, 0.00
2013-04-19 14:00:54,359,1366405254.360000,-5.10, -2.40, 0.00
2013-04-19 14:00:55,424,1366405255.425000,-4.90, -2.10, 0.00
2013-04-19 14:00:56,490,1366405256.490000,-4.70, -1.80, 0.00
2013-04-19 14:00:57,555,1366405257.555000,-4.50, -1.50, 0.00
2013-04-19 14:00:58,618,1366405258.618000,-4.30, -1.50, 0.00
2013-04-19 14:00:59,680,1366405259.680000,-4.10, -1.20, 0.00
2013-04-19 14:01:00,742,1366405260.742000,-3.90, -0.90, 0.00
2013-04-19 14:01:01,803,1366405261.804000,-3.70, -0.90, 0.00
2013-04-19 14:01:02,869,1366405262.870000,-3.50, -0.60, 0.00
2013-04-19 14:01:03,937,1366405263.938000,-3.40, -0.30, 0.00
2013-04-19 14:01:04,999,1366405264.999000,-3.20, 0.00, 0.00
2013-04-19 14:01:06,062,1366405266.062000,-3.00, 0.00, 0.00
2013-04-19 14:01:07,131,1366405267.131000,-2.80, 0.30, 0.00
2013-04-19 14:01:08,197,1366405268.197000,-2.60, 0.30, 0.00
2013-04-19 14:01:09,257,1366405269.258000,-2.40, 0.60, 0.00
2013-04-19 14:01:10,322,1366405270.322000,-2.20, 0.90, 0.00
2013-04-19 14:01:11,387,1366405271.387000,-2.00, 0.90, 0.00
2013-04-19 14:01:12,456,1366405272.456000,-1.90, 0.90, 0.00
2013-04-19 14:01:13,525,1366405273.525000,-1.70, 1.50, 0.00
2013-04-19 14:01:14,588,1366405274.588000,-1.50, 1.20, 0.00
2013-04-19 14:01:15,651,1366405275.652000,-1.30, 1.80, 0.00
2013-04-19 14:01:16,713,1366405276.714000,-1.10, 2.10, 0.00
2013-04-19 14:01:17,776,1366405277.776000,-1.00, 2.10, 0.00
2013-04-19 14:01:18,838,1366405278.838000,-0.80, 2.10, 0.00
2013-04-19 14:01:19,900,1366405279.900000,-0.60, 2.10, 0.00
2013-04-19 14:01:20,963,1366405280.963000,-0.40, 2.40, 0.00
2013-04-19 14:01:22,036,1366405282.036000,-0.30, 2.70, 0.00
2013-04-19 14:01:23,112,1366405283.113000,-0.10, 3.00, 0.00
2013-04-19 14:01:24,174,1366405284.175000,0.10, 3.00, 0.00
2013-04-19 14:01:25,240,1366405285.240000,0.20, 3.00, 0.00
2013-04-19 14:01:26,303,1366405286.304000,0.40, 3.30, 0.00
2013-04-19 14:01:27,365,1366405287.366000,0.60, 3.30, 0.00
2013-04-19 14:01:28,427,1366405288.428000,0.70, 3.60, 0.00
2013-04-19 14:01:29,490,1366405289.490000,0.90, 3.60, 0.00
2013-04-19 14:01:30,552,1366405290.552000,1.10, 3.90, 0.00
2013-04-19 14:01:31,614,1366405291.614000,1.20, 4.20, 0.00
2013-04-19 14:01:32,678,1366405292.679000,1.40, 4.20, 0.00
2013-04-19 14:01:33,742,1366405293.742000,1.50, 4.20, 0.00
2013-04-19 14:01:34,805,1366405294.805000,1.70, 4.80, 0.00
2013-04-19 14:01:35,867,1366405295.867000,1.90, 4.80, 0.00
2013-04-19 14:01:36,930,1366405296.930000,2.00, 4.80, 0.00
2013-04-19 14:01:37,992,1366405297.992000,2.20, 5.10, 0.00
2013-04-19 14:01:39,059,1366405299.059000,2.30, 5.40, 0.00
2013-04-19 14:01:40,121,1366405300.121000,2.50, 5.10, 0.00
2013-04-19 14:01:41,186,1366405301.186000,2.60, 5.40, 0.00
2013-04-19 14:01:42,249,1366405302.249000,2.80, 5.40, 0.00
2013-04-19 14:01:43,312,1366405303.312000,2.90, 5.70, 0.00
2013-04-19 14:01:44,377,1366405304.377000,3.10, 6.00, 0.00
2013-04-19 14:01:45,441,1366405305.442000,3.20, 5.70, 0.00
2013-04-19 14:01:46,503,1366405306.504000,3.40, 6.00, 0.00
2013-04-19 14:01:47,565,1366405307.566000,3.50, 6.60, 0.00
2013-04-19 14:01:48,628,1366405308.629000,3.70, 6.30, 0.00
2013-04-19 14:01:49,693,1366405309.693000,3.80, 6.60, 0.00
2013-04-19 14:01:50,759,1366405310.759000,4.00, 6.60, 0.00
2013-04-19 14:01:51,822,1366405311.823000,4.10, 6.90, 0.00
2013-04-19 14:01:52,888,1366405312.888000,4.30, 6.90, 0.00
2013-04-19 14:01:53,960,1366405313.961000,4.40, 7.20, 0.00
2013-04-19 14:01:55,036,1366405315.037000,4.50, 7.20, 0.00
2013-04-19 14:01:56,099,1366405316.100000,4.70, 7.50, 0.00
2013-04-19 14:01:57,161,1366405317.161000,4.80, 7.50, 0.00
2013-04-19 14:01:58,223,1366405318.223000,5.00, 7.50, 0.00
2013-04-19 14:01:59,286,1366405319.287000,5.10, 7.80, 0.00
2013-04-19 14:02:00,367,1366405320.367000,5.20, 8.10, 0.00
2013-04-19 14:02:01,437,1366405321.437000,5.40, 8.10, 0.00
2013-04-19 14:02:02,500,1366405322.501000,5.50, 8.10, 0.00
2013-04-19 14:02:03,566,1366405323.567000,5.60, 8.40, 0.00
2013-04-19 14:02:04,638,1366405324.638000,5.80, 8.40, 0.00
2013-04-19 14:02:05,706,1366405325.706000,5.90, 8.70, 0.00
2013-04-19 14:02:06,772,1366405326.772000,6.00, 8.70, 0.00
2013-04-19 14:02:07,805,1366405327.805000,6.20, 9.00, 0.00
2013-04-19 14:02:08,832,1366405328.833000,6.30, 9.30, 0.00
2013-04-19 14:02:09,864,1366405329.864000,6.40, 9.30, 0.00
2013-04-19 14:02:10,895,1366405330.896000,6.60, 9.30, 0.00
2013-04-19 14:02:11,930,1366405331.930000,6.70, 9.30, 0.00
2013-04-19 14:02:12,966,1366405332.966000,6.80, 9.60, 0.00
2013-04-19 14:02:14,005,1366405334.005000,6.90, 9.60, 0.00
2013-04-19 14:02:15,042,1366405335.043000,7.00, 9.60, 0.00
2013-04-19 14:02:16,085,1366405336.086000,7.20, 9.90, 0.00
2013-04-19 14:02:17,128,1366405337.128000,7.30, 10.20, 0.00
2013-04-19 14:02:18,174,1366405338.174000,7.40, 10.20, 0.00
2013-04-19 14:02:19,220,1366405339.220000,7.50, 10.20, 0.00
2013-04-19 14:02:20,267,1366405340.268000,7.70, 10.20, 0.00
2013-04-19 14:02:21,321,1366405341.321000,7.80, 10.50, 0.00
2013-04-19 14:02:22,371,1366405342.372000,7.90, 10.50, 0.00
2013-04-19 14:02:23,430,1366405343.430000,8.00, 10.50, 0.00
2013-04-19 14:02:24,479,1366405344.479000,8.10, 10.80, 0.00
2013-04-19 14:02:25,538,1366405345.538000,8.30, 11.10, 0.00
2013-04-19 14:02:26,598,1366405346.599000,8.40, 11.10, 0.00
2013-04-19 14:02:27,651,1366405347.651000,8.50, 11.40, 0.00
2013-04-19 14:02:28,719,1366405348.719000,8.60, 11.40, 0.00
2013-04-19 14:02:29,789,1366405349.789000,8.70, 11.40, 0.00
2013-04-19 14:02:30,872,1366405350.873000,8.80, 11.70, 0.00
2013-04-19 14:02:31,941,1366405351.942000,8.90, 11.70, 0.00
2013-04-19 14:02:32,996,1366405352.997000,9.10, 11.70, 0.00
2013-04-19 14:02:34,055,1366405354.055000,9.20, 11.70, 0.00
2013-04-19 14:02:35,114,1366405355.114000,9.30, 12.00, 0.00
2013-04-19 14:02:36,213,1366405356.213000,9.40, 12.00, 0.00
2013-04-19 14:02:37,305,1366405357.306000,9.50, 12.30, 0.00
2013-04-19 14:02:38,377,1366405358.377000,9.60, 12.30, 0.00
2013-04-19 14:02:39,470,1366405359.470000,9.70, 12.30, 0.00
2013-04-19 14:02:40,549,1366405360.550000,9.80, 12.60, 0.00
2013-04-19 14:02:41,638,1366405361.638000,10.00, 12.60, 0.00
2013-04-19 14:02:42,733,1366405362.734000,10.10, 12.90, 0.00
2013-04-19 14:02:43,792,1366405363.792000,10.20, 12.90, 0.00
2013-04-19 14:02:44,881,1366405364.881000,10.30, 12.90, 0.00
2013-04-19 14:02:45,956,1366405365.956000,10.40, 13.20, 0.00
2013-04-19 14:02:47,039,1366405367.040000,10.50, 13.20, 0.00
2013-04-19 14:02:48,114,1366405368.114000,10.60, 13.20, 0.00
2013-04-19 14:02:49,209,1366405369.209000,10.70, 13.20, 0.00
2013-04-19 14:02:50,299,1366405370.299000,10.80, 13.50, 0.00
2013-04-19 14:02:51,368,1366405371.369000,10.90, 13.50, 0.00
2013-04-19 14:02:52,461,1366405372.462000,11.00, 13.50, 0.00
2013-04-19 14:02:53,552,1366405373.553000,11.10, 13.80, 0.00
2013-04-19 14:02:54,644,1366405374.645000,11.30, 13.80, 0.00
2013-04-19 14:02:55,723,1366405375.723000,11.40, 13.80, 0.00
2013-04-19 14:02:56,808,1366405376.808000,11.50, 14.10, 0.00
2013-04-19 14:02:57,891,1366405377.892000,11.60, 14.10, 0.00
2013-04-19 14:02:58,973,1366405378.973000,11.70, 14.40, 0.00
2013-04-19 14:03:00,043,1366405380.044000,11.80, 14.40, 0.00
2013-04-19 14:03:01,124,1366405381.124000,11.90, 14.70, 0.00
2013-04-19 14:03:02,211,1366405382.212000,12.00, 14.70, 0.00
2013-04-19 14:03:03,285,1366405383.285000,12.10, 14.70, 0.00
2013-04-19 14:03:04,358,1366405384.358000,12.20, 14.70, 0.00
2013-04-19 14:03:05,428,1366405385.429000,12.30, 15.00, 0.00
2013-04-19 14:03:06,516,1366405386.517000,12.30, 15.00, 0.00
2013-04-19 14:03:07,605,1366405387.606000,12.40, 15.00, 0.00
2013-04-19 14:03:08,690,1366405388.691000,12.50, 15.30, 0.00
2013-04-19 14:03:09,773,1366405389.773000,12.60, 15.30, 0.00
2013-04-19 14:03:10,848,1366405390.848000,12.70, 15.30, 0.00
2013-04-19 14:03:11,924,1366405391.924000,12.70, 15.30, 0.00
2013-04-19 14:03:13,000,1366405393.001000,12.90, 15.30, 0.00
2013-04-19 14:03:14,084,1366405394.084000,13.00, 15.90, 0.00
2013-04-19 14:03:15,170,1366405395.170000,13.10, 15.90, 0.00
2013-04-19 14:03:16,262,1366405396.262000,13.20, 15.90, 0.00
2013-04-19 14:03:17,344,1366405397.344000,13.30, 15.90, 0.00
2013-04-19 14:03:18,437,1366405398.437000,13.40, 15.90, 0.00
2013-04-19 14:03:19,522,1366405399.522000,13.50, 16.20, 0.00
2013-04-19 14:03:20,621,1366405400.621000,13.60, 15.90, 0.00
2013-04-19 14:03:21,709,1366405401.709000,13.70, 16.50, 0.00
2013-04-19 14:03:22,786,1366405402.787000,13.80, 16.80, 0.00
2013-04-19 14:03:23,857,1366405403.857000,13.80, 16.50, 0.00
2013-04-19 14:03:24,931,1366405404.932000,13.90, 16.80, 0.00
2013-04-19 14:03:26,016,1366405406.016000,14.00, 16.50, 0.00
2013-04-19 14:03:27,095,1366405407.096000,14.10, 16.80, 0.00
2013-04-19 14:03:28,170,1366405408.170000,14.20, 16.50, 0.00
2013-04-19 14:03:29,259,1366405409.260000,14.30, 17.10, 0.00
2013-04-19 14:03:30,346,1366405410.347000,14.40, 16.80, 0.00
2013-04-19 14:03:31,440,1366405411.441000,14.50, 18.30, 0.00
2013-04-19 14:03:32,529,1366405412.529000,14.60, 17.40, 0.00
2013-04-19 14:03:33,615,1366405413.616000,14.60, 17.40, 0.00
2013-04-19 14:03:34,696,1366405414.696000,14.70, 17.10, 0.00
2013-04-19 14:03:35,792,1366405415.792000,14.80, 17.40, 0.00
2013-04-19 14:03:36,888,1366405416.889000,14.90, 17.40, 0.00
2013-04-19 14:03:38,000,1366405418.000000,15.00, 17.40, 0.00
2013-04-19 14:03:39,085,1366405419.085000,15.10, 17.70, 0.00
2013-04-19 14:03:40,269,1366405420.270000,15.10, 17.70, 0.00
2013-04-19 14:03:41,371,1366405421.371000,15.20, 18.00, 0.00
2013-04-19 14:03:42,467,1366405422.468000,15.30, 17.70, 0.00
2013-04-19 14:03:43,667,1366405423.667000,15.40, 18.00, 0.00
2013-04-19 14:03:44,772,1366405424.772000,15.50, 18.30, 0.00
2013-04-19 14:03:45,861,1366405425.862000,15.60, 18.30, 0.00
2013-04-19 14:03:46,946,1366405426.946000,15.70, 18.30, 0.00
2013-04-19 14:03:48,065,1366405428.065000,15.70, 18.30, 0.00
2013-04-19 14:03:49,141,1366405429.142000,15.80, 18.30, 0.00
2013-04-19 14:03:50,239,1366405430.239000,15.90, 18.30, 0.00
2013-04-19 14:03:51,325,1366405431.326000,16.00, 18.60, 0.00
2013-04-19 14:03:52,407,1366405432.407000,16.10, 18.60, 0.00
2013-04-19 14:03:53,494,1366405433.495000,16.10, 18.60, 0.00
2013-04-19 14:03:54,711,1366405434.712000,16.20, 18.90, 0.00
2013-04-19 14:03:55,950,1366405435.951000,16.30, 18.90, 0.00
2013-04-19 14:03:57,019,1366405437.020000,16.40, 11.10, 0.00
2013-04-19 14:03:58,230,1366405438.230000,16.50, 18.90, 0.00
2013-04-19 14:03:59,306,1366405439.307000,16.60, 19.20, 0.00
2013-04-19 14:04:00,397,1366405440.397000,16.60, 19.20, 0.00
2013-04-19 14:04:01,555,1366405441.555000,16.70, 19.20, 0.00
2013-04-19 14:04:02,640,1366405442.640000,16.80, 19.50, 0.00
2013-04-19 14:04:03,789,1366405443.790000,16.90, 19.50, 0.00
2013-04-19 14:04:04,865,1366405444.865000,16.90, 19.50, 0.00
2013-04-19 14:04:06,046,1366405446.046000,17.00, 19.50, 0.00
2013-04-19 14:04:07,243,1366405447.243000,17.10, 11.10, 0.00
2013-04-19 14:04:08,332,1366405448.333000,17.20, 19.80, 0.00
2013-04-19 14:04:09,424,1366405449.424000,17.30, 19.80, 0.00
2013-04-19 14:04:10,509,1366405450.509000,17.30, 19.80, 0.00
2013-04-19 14:04:11,586,1366405451.587000,17.40, 20.10, 0.00
2013-04-19 14:04:12,809,1366405452.810000,17.50, 20.10, 0.00
2013-04-19 14:04:14,132,1366405454.133000,17.60, 20.10, 0.00
2013-04-19 14:04:15,226,1366405455.227000,17.60, 20.10, 0.00
2013-04-19 14:04:16,315,1366405456.315000,17.70, 20.40, 0.00
2013-04-19 14:04:17,397,1366405457.397000,17.80, 20.40, 0.00
2013-04-19 14:04:18,490,1366405458.490000,17.90, 20.40, 0.00
2013-04-19 14:04:19,573,1366405459.574000,17.90, 20.70, 0.00
2013-04-19 14:04:20,665,1366405460.666000,18.00, 20.70, 0.00
2013-04-19 14:04:21,755,1366405461.755000,18.10, 20.40, 0.00
2013-04-19 14:04:22,917,1366405462.917000,18.10, 20.70, 0.00
2013-04-19 14:04:23,990,1366405463.991000,18.20, 20.70, 0.00
2013-04-19 14:04:25,069,1366405465.069000,18.30, 20.70, 0.00
2013-04-19 14:04:26,151,1366405466.152000,18.30, 21.00, 0.00
2013-04-19 14:04:27,403,1366405467.403000,18.40, 21.00, 0.00
2013-04-19 14:04:28,569,1366405468.569000,18.50, 21.00, 0.00
2013-04-19 14:04:29,658,1366405469.659000,18.60, 21.30, 0.00
2013-04-19 14:04:30,734,1366405470.735000,18.60, 21.30, 0.00
2013-04-19 14:04:31,815,1366405471.815000,18.70, 21.30, 0.00
2013-04-19 14:04:33,082,1366405473.083000,18.80, 21.30, 0.00
2013-04-19 14:04:34,164,1366405474.164000,18.80, 21.30, 0.00
2013-04-19 14:04:35,348,1366405475.349000,18.90, 21.30, 0.00
2013-04-19 14:04:36,471,1366405476.472000,19.00, 21.60, 0.00
2013-04-19 14:04:37,545,1366405477.545000,19.00, 21.60, 0.00
2013-04-19 14:04:38,721,1366405478.722000,19.10, 21.60, 0.00
2013-04-19 14:04:39,857,1366405479.857000,19.20, 21.90, 0.00
2013-04-19 14:04:40,973,1366405480.973000,19.20, 21.60, 0.00
2013-04-19 14:04:42,072,1366405482.073000,19.30, 21.90, 0.00
2013-04-19 14:04:43,157,1366405483.157000,19.40, 21.90, 0.00
2013-04-19 14:04:44,523,1366405484.524000,19.40, 21.90, 0.00
2013-04-19 14:04:45,710,1366405485.710000,19.50, 22.20, 0.00
2013-04-19 14:04:46,835,1366405486.836000,19.60, 22.20, 0.00
2013-04-19 14:04:47,918,1366405487.919000,19.60, 22.20, 0.00
2013-04-19 14:04:49,039,1366405489.039000,19.70, 22.20, 0.00
2013-04-19 14:04:50,424,1366405490.424000,19.80, 22.50, 0.00
2013-04-19 14:04:51,657,1366405491.657000,19.90, 22.50, 0.00
2013-04-19 14:04:52,819,1366405492.820000,19.90, 22.50, 0.00
2013-04-19 14:04:54,292,1366405494.293000,20.00, 22.50, 0.00
2013-04-19 14:04:55,490,1366405495.491000,20.10, 22.50, 0.00
2013-04-19 14:04:56,591,1366405496.591000,20.10, 22.80, 0.00
2013-04-19 14:04:57,618,1366405497.619000,20.20, 22.50, 0.00
2013-04-19 14:04:58,650,1366405498.650000,20.30, 22.80, 0.00
2013-04-19 14:04:59,681,1366405499.682000,20.30, 22.80, 0.00
2013-04-19 14:05:00,716,1366405500.716000,20.40, 22.80, 0.00
2013-04-19 14:05:01,753,1366405501.753000,20.40, 23.10, 0.00
2013-04-19 14:05:02,792,1366405502.792000,20.50, 23.10, 0.00
2013-04-19 14:05:03,835,1366405503.836000,20.50, 23.10, 0.00
2013-04-19 14:05:04,878,1366405504.878000,20.60, 22.80, 0.00
2013-04-19 14:05:05,933,1366405505.933000,20.70, 23.10, 0.00
2013-04-19 14:05:06,979,1366405506.979000,20.70, 23.40, 0.00
2013-04-19 14:05:08,029,1366405508.029000,20.80, 23.40, 0.00
2013-04-19 14:05:09,082,1366405509.083000,20.80, 23.40, 0.00
2013-04-19 14:05:10,134,1366405510.135000,20.90, 23.40, 0.00
2013-04-19 14:05:11,188,1366405511.189000,20.90, 23.40, 0.00
2013-04-19 14:05:12,242,1366405512.242000,21.00, 23.40, 0.00
2013-04-19 14:05:13,296,1366405513.296000,21.00, 23.70, 0.00
2013-04-19 14:05:14,355,1366405514.356000,21.10, 23.40, 0.00
2013-04-19 14:05:15,401,1366405515.402000,21.20, 23.70, 0.00
2013-04-19 14:05:16,460,1366405516.460000,21.20, 23.40, 0.00
2013-04-19 14:05:17,525,1366405517.525000,21.30, 23.70, 0.00
2013-04-19 14:05:18,578,1366405518.578000,21.30, 24.00, 0.00
2013-04-19 14:05:19,638,1366405519.639000,21.40, 24.00, 0.00
2013-04-19 14:05:20,701,1366405520.702000,21.40, 23.70, 0.00
2013-04-19 14:05:21,769,1366405521.770000,21.50, 24.00, 0.00
2013-04-19 14:05:22,825,1366405522.825000,21.50, 24.00, 0.00
2013-04-19 14:05:23,871,1366405523.872000,21.60, 24.00, 0.00
2013-04-19 14:05:24,915,1366405524.916000,21.60, 24.00, 0.00
2013-04-19 14:05:25,963,1366405525.964000,21.70, 24.30, 0.00
2013-04-19 14:05:27,020,1366405527.021000,21.70, 24.30, 0.00
2013-04-19 14:05:28,078,1366405528.079000,21.80, 24.30, 0.00
2013-04-19 14:05:29,134,1366405529.135000,21.80, 24.30, 0.00
2013-04-19 14:05:30,193,1366405530.193000,21.90, 24.30, 0.00
2013-04-19 14:05:31,250,1366405531.250000,22.00, 24.60, 0.00
2013-04-19 14:05:32,308,1366405532.308000,22.00, 24.30, 0.00
2013-04-19 14:05:33,365,1366405533.365000,22.00, 24.60, 0.00
2013-04-19 14:05:34,421,1366405534.422000,22.10, 24.30, 0.00
2013-04-19 14:05:35,477,1366405535.478000,22.20, 24.60, 0.00
2013-04-19 14:05:36,535,1366405536.535000,22.20, 24.90, 0.00
2013-04-19 14:05:37,592,1366405537.592000,22.30, 24.60, 0.00
2013-04-19 14:05:38,648,1366405538.649000,22.30, 24.60, 0.00
2013-04-19 14:05:39,706,1366405539.706000,22.40, 24.90, 0.00
2013-04-19 14:05:40,763,1366405540.763000,22.40, 24.90, 0.00
2013-04-19 14:05:41,819,1366405541.820000,22.50, 25.20, 0.00
2013-04-19 14:05:42,878,1366405542.878000,22.50, 24.90, 0.00
2013-04-19 14:05:43,934,1366405543.935000,22.60, 25.20, 0.00
2013-04-19 14:05:44,993,1366405544.993000,22.60, 25.20, 0.00
2013-04-19 14:05:46,055,1366405546.056000,22.70, 25.20, 0.00
2013-04-19 14:05:47,112,1366405547.113000,22.70, 25.20, 0.00
2013-04-19 14:05:48,170,1366405548.170000,22.80, 28.20, 0.00
2013-04-19 14:05:49,226,1366405549.227000,22.80, 25.20, 0.00
2013-04-19 14:05:50,283,1366405550.284000,22.90, 25.20, 0.00
2013-04-19 14:05:51,345,1366405551.346000,22.90, 25.50, 0.00
2013-04-19 14:05:52,404,1366405552.404000,22.90, 25.50, 0.00
2013-04-19 14:05:53,460,1366405553.460000,23.00, 25.50, 0.00
2013-04-19 14:05:54,516,1366405554.517000,23.00, 25.80, 0.00
2013-04-19 14:05:55,573,1366405555.574000,23.10, 25.80, 0.00
2013-04-19 14:05:56,631,1366405556.631000,23.10, 25.80, 0.00
2013-04-19 14:05:57,687,1366405557.688000,23.20, 25.80, 0.00
2013-04-19 14:05:58,746,1366405558.746000,23.20, 25.80, 0.00
2013-04-19 14:05:59,802,1366405559.803000,23.30, 25.80, 0.00
2013-04-19 14:06:00,861,1366405560.861000,23.30, 25.80, 0.00
2013-04-19 14:06:01,917,1366405561.918000,23.40, 26.10, 0.00
2013-04-19 14:06:02,974,1366405562.975000,23.40, 25.80, 0.00
2013-04-19 14:06:04,032,1366405564.032000,23.50, 25.80, 0.00
2013-04-19 14:06:05,088,1366405565.089000,23.50, 26.10, 0.00
2013-04-19 14:06:06,145,1366405566.146000,23.60, 26.10, 0.00
2013-04-19 14:06:07,203,1366405567.203000,23.60, 25.80, 0.00
2013-04-19 14:06:08,260,1366405568.261000,23.60, 26.10, 0.00
2013-04-19 14:06:09,316,1366405569.317000,23.70, 26.10, 0.00
2013-04-19 14:06:10,374,1366405570.374000,23.80, 26.10, 0.00
2013-04-19 14:06:11,430,1366405571.431000,23.80, 26.40, 0.00
2013-04-19 14:06:12,487,1366405572.488000,23.80, 26.10, 0.00
2013-04-19 14:06:13,545,1366405573.545000,23.90, 26.40, 0.00
2013-04-19 14:06:14,601,1366405574.602000,23.90, 26.40, 0.00
2013-04-19 14:06:15,658,1366405575.659000,24.00, 26.40, 0.00
2013-04-19 14:06:16,716,1366405576.716000,24.00, 26.70, 0.00
2013-04-19 14:06:17,773,1366405577.773000,24.10, 26.40, 0.00
2013-04-19 14:06:18,831,1366405578.831000,24.10, 26.40, 0.00
2013-04-19 14:06:19,888,1366405579.888000,24.10, 26.70, 0.00
2013-04-19 14:06:20,944,1366405580.945000,24.20, 26.70, 0.00
2013-04-19 14:06:22,002,1366405582.002000,24.20, 26.70, 0.00
2013-04-19 14:06:23,059,1366405583.059000,24.30, 26.70, 0.00
2013-04-19 14:06:24,117,1366405584.117000,24.30, 27.00, 0.00
2013-04-19 14:06:25,173,1366405585.173000,24.40, 27.00, 0.00
2013-04-19 14:06:26,230,1366405586.230000,24.40, 27.00, 0.00
2013-04-19 14:06:27,286,1366405587.287000,24.50, 27.30, 0.00
2013-04-19 14:06:28,345,1366405588.345000,24.50, 27.30, 0.00
2013-04-19 14:06:29,401,1366405589.402000,24.50, 27.30, 0.00
2013-04-19 14:06:30,459,1366405590.459000,24.60, 27.00, 0.00
2013-04-19 14:06:31,515,1366405591.515000,24.60, 27.00, 0.00
2013-04-19 14:06:32,571,1366405592.571000,24.70, 27.30, 0.00
2013-04-19 14:06:33,627,1366405593.627000,24.70, 27.30, 0.00
2013-04-19 14:06:34,684,1366405594.684000,24.80, 27.30, 0.00
2013-04-19 14:06:35,740,1366405595.741000,24.80, 27.60, 0.00
2013-04-19 14:06:36,796,1366405596.797000,24.80, 27.60, 0.00
2013-04-19 14:06:37,852,1366405597.853000,24.90, 27.60, 0.00
2013-04-19 14:06:38,910,1366405598.910000,24.90, 27.60, 0.00
2013-04-19 14:06:39,966,1366405599.966000,25.00, 27.60, 0.00
2013-04-19 14:06:41,022,1366405601.022000,25.00, 27.30, 0.00
2013-04-19 14:06:42,078,1366405602.078000,25.00, 27.30, 0.00
2013-04-19 14:06:43,135,1366405603.136000,25.10, 27.30, 0.00
2013-04-19 14:06:44,193,1366405604.193000,25.10, 27.60, 0.00
2013-04-19 14:06:45,250,1366405605.250000,25.20, 27.60, 0.00
2013-04-19 14:06:46,308,1366405606.308000,25.20, 27.60, 0.00
2013-04-19 14:06:47,364,1366405607.364000,25.30, 27.90, 0.00
2013-04-19 14:06:48,421,1366405608.421000,25.30, 27.60, 0.00
2013-04-19 14:06:49,477,1366405609.478000,25.30, 27.90, 0.00
2013-04-19 14:06:50,535,1366405610.535000,25.40, 27.90, 0.00
2013-04-19 14:06:51,592,1366405611.592000,25.40, 28.20, 0.00
2013-04-19 14:06:52,648,1366405612.649000,25.50, 28.20, 0.00
2013-04-19 14:06:53,707,1366405613.707000,25.50, 28.20, 0.00
2013-04-19 14:06:54,763,1366405614.764000,25.50, 28.20, 0.00
2013-04-19 14:06:55,821,1366405615.821000,25.60, 28.20, 0.00
2013-04-19 14:06:56,877,1366405616.877000,25.60, 28.20, 0.00
2013-04-19 14:06:57,934,1366405617.934000,25.70, 28.20, 0.00
2013-04-19 14:06:58,990,1366405618.990000,25.70, 28.20, 0.00
2013-04-19 14:07:00,046,1366405620.047000,25.70, 28.50, 0.00
2013-04-19 14:07:01,102,1366405621.103000,25.80, 28.50, 0.00
2013-04-19 14:07:02,160,1366405622.160000,25.80, 28.50, 0.00
2013-04-19 14:07:03,217,1366405623.217000,25.90, 28.50, 0.00
2013-04-19 14:07:04,273,1366405624.274000,25.90, 28.50, 0.00
2013-04-19 14:07:05,329,1366405625.330000,25.90, 28.50, 0.00
2013-04-19 14:07:06,385,1366405626.386000,26.00, 28.80, 0.00
2013-04-19 14:07:07,441,1366405627.442000,26.00, 28.80, 0.00
2013-04-19 14:07:08,499,1366405628.499000,26.00, 28.50, 0.00
2013-04-19 14:07:09,555,1366405629.556000,26.10, 28.80, 0.00
2013-04-19 14:07:10,614,1366405630.614000,26.10, 28.80, 0.00
2013-04-19 14:07:11,670,1366405631.670000,26.20, 28.80, 0.00
2013-04-19 14:07:12,726,1366405632.726000,26.20, 29.10, 0.00
2013-04-19 14:07:13,782,1366405633.782000,26.20, 29.10, 0.00
2013-04-19 14:07:14,838,1366405634.838000,26.30, 29.10, 0.00
2013-04-19 14:07:15,894,1366405635.894000,26.30, 28.80, 0.00
2013-04-19 14:07:16,950,1366405636.951000,26.30, 29.10, 0.00
2013-04-19 14:07:18,006,1366405638.007000,26.40, 29.10, 0.00
2013-04-19 14:07:19,062,1366405639.063000,26.40, 29.10, 0.00
2013-04-19 14:07:20,119,1366405640.120000,26.50, 29.10, 0.00
2013-04-19 14:07:21,176,1366405641.176000,26.50, 29.10, 0.00
2013-04-19 14:07:22,232,1366405642.232000,26.50, 29.10, 0.00
2013-04-19 14:07:23,288,1366405643.288000,26.60, 29.40, 0.00
2013-04-19 14:07:24,345,1366405644.345000,26.60, 29.40, 0.00
2013-04-19 14:07:25,401,1366405645.401000,26.60, 29.40, 0.00
2013-04-19 14:07:26,457,1366405646.457000,26.70, 29.40, 0.00
2013-04-19 14:07:27,513,1366405647.513000,26.70, 29.40, 0.00
2013-04-19 14:07:28,571,1366405648.571000,26.70, 29.40, 0.00
2013-04-19 14:07:29,627,1366405649.627000,26.80, 29.40, 0.00
2013-04-19 14:07:30,683,1366405650.683000,26.80, 29.40, 0.00
2013-04-19 14:07:31,740,1366405651.740000,26.90, 29.40, 0.00
2013-04-19 14:07:32,796,1366405652.796000,26.90, 29.70, 0.00
2013-04-19 14:07:33,851,1366405653.852000,26.90, 29.70, 0.00
2013-04-19 14:07:34,908,1366405654.909000,27.00, 29.70, 0.00
2013-04-19 14:07:35,966,1366405655.966000,27.00, 29.70, 0.00
2013-04-19 14:07:37,023,1366405657.023000,27.00, 29.70, 0.00
2013-04-19 14:07:38,079,1366405658.080000,27.10, 29.70, 0.00
2013-04-19 14:07:39,105,1366405659.106000,27.10, 29.70, 0.00
2013-04-19 14:07:40,134,1366405660.134000,27.10, 30.00, 0.00
2013-04-19 14:07:41,164,1366405661.164000,27.20, 30.00, 0.00
2013-04-19 14:07:42,196,1366405662.196000,27.20, 30.00, 0.00
2013-04-19 14:07:43,230,1366405663.230000,27.20, 30.00, 0.00
2013-04-19 14:07:44,266,1366405664.266000,27.30, 30.30, 0.00
2013-04-19 14:07:45,302,1366405665.303000,27.30, 30.30, 0.00
2013-04-19 14:07:46,342,1366405666.343000,27.40, 30.00, 0.00
2013-04-19 14:07:47,384,1366405667.384000,27.40, 30.00, 0.00
2013-04-19 14:07:48,427,1366405668.427000,27.40, 30.00, 0.00
2013-04-19 14:07:49,473,1366405669.474000,27.40, 30.30, 0.00
2013-04-19 14:07:50,522,1366405670.522000,27.50, 30.00, 0.00
2013-04-19 14:07:51,571,1366405671.571000,27.50, 30.30, 0.00
2013-04-19 14:07:52,621,1366405672.622000,27.60, 30.30, 0.00
2013-04-19 14:07:53,677,1366405673.677000,27.60, 30.30, 0.00
2013-04-19 14:07:54,740,1366405674.741000,27.60, 30.30, 0.00
2013-04-19 14:07:55,803,1366405675.804000,27.70, 30.30, 0.00
2013-04-19 14:07:56,872,1366405676.873000,27.70, 30.30, 0.00
2013-04-19 14:07:57,914,1366405677.915000,27.70, 30.60, 0.00
2013-04-19 14:07:58,963,1366405678.963000,27.80, 30.30, 0.00
2013-04-19 14:08:00,012,1366405680.012000,27.80, 30.30, 0.00
2013-04-19 14:08:01,065,1366405681.066000,27.80, 27.60, 0.00
2013-04-19 14:08:02,121,1366405682.121000,27.90, 30.90, 0.00
2013-04-19 14:08:03,174,1366405683.175000,27.90, 30.60, 0.00
2013-04-19 14:08:04,272,1366405684.272000,27.90, 30.60, 0.00
2013-04-19 14:08:05,329,1366405685.330000,28.00, 30.60, 0.00
2013-04-19 14:08:06,378,1366405686.379000,28.00, 30.90, 0.00
2013-04-19 14:08:07,453,1366405687.453000,28.00, 30.90, 0.00
2013-04-19 14:08:08,529,1366405688.530000,28.10, 30.60, 0.00
2013-04-19 14:08:09,615,1366405689.615000,28.10, 30.90, 0.00
2013-04-19 14:08:10,681,1366405690.682000,28.10, 30.90, 0.00
2013-04-19 14:08:11,765,1366405691.765000,28.20, 31.20, 0.00
2013-04-19 14:08:12,842,1366405692.843000,28.20, 30.90, 0.00
2013-04-19 14:08:13,908,1366405693.909000,28.20, 30.90, 0.00
2013-04-19 14:08:14,976,1366405694.977000,28.20, 30.90, 0.00
2013-04-19 14:08:16,058,1366405696.058000,28.30, 31.20, 0.00
2013-04-19 14:08:17,125,1366405697.125000,28.30, 30.90, 0.00
2013-04-19 14:08:18,200,1366405698.200000,28.40, 30.90, 0.00
2013-04-19 14:08:19,273,1366405699.273000,28.40, 31.20, 0.00
2013-04-19 14:08:20,346,1366405700.347000,28.40, 31.20, 0.00
2013-04-19 14:08:21,426,1366405701.426000,28.40, 31.20, 0.00
2013-04-19 14:08:22,499,1366405702.499000,28.50, 31.20, 0.00
2013-04-19 14:08:23,573,1366405703.574000,28.50, 31.20, 0.00
2013-04-19 14:08:24,648,1366405704.648000,28.50, 31.20, 0.00
2013-04-19 14:08:25,720,1366405705.721000,28.60, 31.20, 0.00
2013-04-19 14:08:26,790,1366405706.791000,28.60, 31.20, 0.00
2013-04-19 14:08:27,865,1366405707.865000,28.70, 31.20, 0.00
2013-04-19 14:08:28,940,1366405708.940000,28.70, 31.50, 0.00
2013-04-19 14:08:30,010,1366405710.011000,28.70, 31.50, 0.00
2013-04-19 14:08:31,084,1366405711.084000,28.70, 31.50, 0.00
2013-04-19 14:08:32,157,1366405712.158000,28.80, 31.50, 0.00
2013-04-19 14:08:33,234,1366405713.235000,28.80, 31.80, 0.00
2013-04-19 14:08:34,306,1366405714.307000,28.80, 31.50, 0.00
2013-04-19 14:08:35,447,1366405715.448000,28.90, 31.50, 0.00
2013-04-19 14:08:36,526,1366405716.526000,28.90, 31.80, 0.00
2013-04-19 14:08:37,607,1366405717.607000,28.90, 31.80, 0.00
2013-04-19 14:08:38,694,1366405718.695000,29.00, 31.80, 0.00
2013-04-19 14:08:39,755,1366405719.755000,29.00, 31.80, 0.00
2013-04-19 14:08:40,808,1366405720.808000,29.00, 32.10, 0.00
2013-04-19 14:08:41,887,1366405721.887000,29.10, 31.80, 0.00
2013-04-19 14:08:42,960,1366405722.961000,29.10, 31.80, 0.00
2013-04-19 14:08:44,026,1366405724.026000,29.10, 31.80, 0.00
2013-04-19 14:08:45,115,1366405725.116000,29.10, 32.10, 0.00
2013-04-19 14:08:46,194,1366405726.195000,29.20, 32.10, 0.00
2013-04-19 14:08:47,270,1366405727.271000,29.20, 31.80, 0.00
2013-04-19 14:08:48,336,1366405728.337000,29.20, 32.10, 0.00
2013-04-19 14:08:49,418,1366405729.419000,29.30, 32.10, 0.00
2013-04-19 14:08:50,499,1366405730.499000,29.30, 32.10, 0.00
2013-04-19 14:08:51,575,1366405731.575000,29.30, 32.10, 0.00
2013-04-19 14:08:52,644,1366405732.644000,29.40, 32.10, 0.00
2013-04-19 14:08:53,726,1366405733.727000,29.40, 32.10, 0.00
2013-04-19 14:08:54,811,1366405734.811000,29.40, 32.10, 0.00
2013-04-19 14:08:55,986,1366405735.987000,29.40, 32.10, 0.00
2013-04-19 14:08:57,059,1366405737.060000,29.50, 32.10, 0.00
2013-04-19 14:08:58,134,1366405738.135000,29.50, 32.10, 0.00
2013-04-19 14:08:59,211,1366405739.212000,29.50, 32.10, 0.00
2013-04-19 14:09:00,286,1366405740.286000,29.60, 32.10, 0.00
2013-04-19 14:09:01,351,1366405741.352000,29.60, 32.40, 0.00
2013-04-19 14:09:02,428,1366405742.429000,29.60, 32.40, 0.00
2013-04-19 14:09:03,507,1366405743.508000,29.70, 32.70, 0.00
2013-04-19 14:09:04,578,1366405744.578000,29.70, 32.40, 0.00
2013-04-19 14:09:05,648,1366405745.649000,29.70, 32.70, 0.00
2013-04-19 14:09:06,734,1366405746.735000,29.70, 32.40, 0.00
2013-04-19 14:09:07,799,1366405747.799000,29.80, 32.40, 0.00
2013-04-19 14:09:08,881,1366405748.882000,29.80, 32.40, 0.00
2013-04-19 14:09:09,957,1366405749.957000,29.80, 32.70, 0.00
2013-04-19 14:09:11,026,1366405751.026000,29.90, 32.40, 0.00
2013-04-19 14:09:12,095,1366405752.096000,29.90, 32.70, 0.00
2013-04-19 14:09:13,174,1366405753.174000,29.90, 32.70, 0.00
2013-04-19 14:09:14,240,1366405754.241000,29.90, 32.70, 0.00
2013-04-19 14:09:15,309,1366405755.310000,30.00, 32.70, 0.00
2013-04-19 14:09:16,378,1366405756.378000,30.00, 33.00, 0.00
2013-04-19 14:09:17,467,1366405757.467000,30.00, 33.00, 0.00
2013-04-19 14:09:18,546,1366405758.547000,30.10, 33.00, 0.00
2013-04-19 14:09:19,736,1366405759.736000,30.10, 32.70, 0.00
2013-04-19 14:09:20,836,1366405760.837000,30.10, 33.00, 0.00
2013-04-19 14:09:21,900,1366405761.900000,30.10, 33.00, 0.00
2013-04-19 14:09:22,970,1366405762.971000,30.20, 32.70, 0.00
2013-04-19 14:09:24,039,1366405764.039000,30.20, 33.00, 0.00
2013-04-19 14:09:25,213,1366405765.214000,30.20, 33.00, 0.00
2013-04-19 14:09:26,349,1366405766.350000,30.30, 32.70, 0.00
2013-04-19 14:09:27,428,1366405767.429000,30.30, 33.00, 0.00
2013-04-19 14:09:28,499,1366405768.499000,30.30, 33.00, 0.00
2013-04-19 14:09:29,563,1366405769.564000,30.30, 33.00, 0.00
2013-04-19 14:09:30,635,1366405770.636000,30.40, 33.00, 0.00
2013-04-19 14:09:31,701,1366405771.702000,30.40, 33.30, 0.00
2013-04-19 14:09:32,767,1366405772.768000,30.40, 33.30, 0.00
2013-04-19 14:09:33,851,1366405773.852000,30.40, 33.30, 0.00
2013-04-19 14:09:34,923,1366405774.923000,30.50, 33.30, 0.00
2013-04-19 14:09:35,993,1366405775.993000,30.50, 33.30, 0.00
2013-04-19 14:09:37,161,1366405777.162000,30.50, 33.30, 0.00
2013-04-19 14:09:38,223,1366405778.224000,30.60, 33.30, 0.00
2013-04-19 14:09:39,308,1366405779.308000,30.60, 33.30, 0.00
2013-04-19 14:09:40,388,1366405780.388000,30.60, 33.30, 0.00
2013-04-19 14:09:41,456,1366405781.456000,30.60, 33.30, 0.00
2013-04-19 14:09:42,546,1366405782.546000,30.70, 33.30, 0.00
2013-04-19 14:09:43,621,1366405783.622000,30.70, 33.60, 0.00
2013-04-19 14:09:44,674,1366405784.675000,30.70, 33.60, 0.00
2013-04-19 14:09:45,743,1366405785.743000,30.70, 33.60, 0.00
2013-04-19 14:09:46,818,1366405786.818000,30.80, 33.30, 0.00
2013-04-19 14:09:47,898,1366405787.899000,30.80, 33.60, 0.00
2013-04-19 14:09:48,971,1366405788.972000,30.80, 33.60, 0.00
2013-04-19 14:09:50,085,1366405790.086000,30.80, 33.90, 0.00
2013-04-19 14:09:51,163,1366405791.163000,30.90, 33.60, 0.00
2013-04-19 14:09:52,240,1366405792.241000,30.90, 33.60, 0.00
2013-04-19 14:09:53,322,1366405793.322000,30.90, 33.60, 0.00
2013-04-19 14:09:54,398,1366405794.399000,31.00, 33.60, 0.00
2013-04-19 14:09:55,480,1366405795.480000,31.00, 33.60, 0.00
2013-04-19 14:09:56,555,1366405796.555000,31.00, 33.60, 0.00
2013-04-19 14:09:57,630,1366405797.630000,31.00, 33.60, 0.00
2013-04-19 14:09:58,701,1366405798.702000,31.10, 33.60, 0.00
2013-04-19 14:09:59,779,1366405799.779000,31.10, 33.90, 0.00
2013-04-19 14:10:00,858,1366405800.858000,31.10, 33.90, 0.00
2013-04-19 14:10:01,930,1366405801.930000,31.10, 33.60, 0.00
2013-04-19 14:10:03,002,1366405803.002000,31.20, 33.90, 0.00
2013-04-19 14:10:04,088,1366405804.089000,31.20, 33.90, 0.00
2013-04-19 14:10:05,171,1366405805.172000,31.20, 33.90, 0.00
2013-04-19 14:10:06,244,1366405806.245000,31.20, 33.90, 0.00
2013-04-19 14:10:07,322,1366405807.322000,31.30, 34.20, 0.00
2013-04-19 14:10:08,400,1366405808.400000,31.30, 33.90, 0.00
2013-04-19 14:10:09,471,1366405809.472000,31.30, 34.20, 0.00
2013-04-19 14:10:10,556,1366405810.557000,31.30, 33.90, 0.00
2013-04-19 14:10:11,638,1366405811.638000,31.40, 34.20, 0.00
2013-04-19 14:10:12,717,1366405812.718000,31.40, 33.90, 0.00
2013-04-19 14:10:13,782,1366405813.782000,31.40, 34.20, 0.00
2013-04-19 14:10:14,857,1366405814.857000,31.40, 34.20, 0.00
2013-04-19 14:10:15,937,1366405815.937000,31.50, 34.20, 0.00
2013-04-19 14:10:17,012,1366405817.012000,31.50, 34.20, 0.00
2013-04-19 14:10:18,082,1366405818.083000,31.50, 34.20, 0.00
2013-04-19 14:10:19,233,1366405819.234000,31.60, 34.50, 0.00
2013-04-19 14:10:20,303,1366405820.304000,31.60, 34.50, 0.00
2013-04-19 14:10:21,387,1366405821.387000,31.60, 34.50, 0.00
2013-04-19 14:10:22,470,1366405822.470000,31.60, 34.20, 0.00
2013-04-19 14:10:23,519,1366405823.520000,31.70, 34.50, 0.00
2013-04-19 14:10:24,546,1366405824.547000,31.70, 34.50, 0.00
2013-04-19 14:10:25,576,1366405825.577000,31.70, 34.50, 0.00
2013-04-19 14:10:26,608,1366405826.609000,31.70, 34.50, 0.00
2013-04-19 14:10:27,642,1366405827.643000,31.70, 34.50, 0.00
2013-04-19 14:10:28,678,1366405828.679000,31.80, 34.80, 0.00
2013-04-19 14:10:29,717,1366405829.717000,31.80, 34.50, 0.00
2013-04-19 14:10:30,756,1366405830.757000,31.80, 34.80, 0.00
2013-04-19 14:10:31,799,1366405831.800000,31.80, 34.50, 0.00
2013-04-19 14:10:32,842,1366405832.843000,31.90, 34.80, 0.00
2013-04-19 14:10:33,895,1366405833.896000,31.90, 34.80, 0.00
2013-04-19 14:10:34,944,1366405834.945000,31.90, 34.80, 0.00
2013-04-19 14:10:36,000,1366405836.001000,31.90, 34.80, 0.00
2013-04-19 14:10:37,053,1366405837.054000,32.00, 34.50, 0.00
2013-04-19 14:10:38,108,1366405838.109000,32.00, 34.80, 0.00
2013-04-19 14:10:39,171,1366405839.171000,32.00, 34.80, 0.00
2013-04-19 14:10:40,236,1366405840.237000,32.00, 34.80, 0.00
2013-04-19 14:10:41,293,1366405841.294000,32.10, 34.80, 0.00
2013-04-19 14:10:42,355,1366405842.355000,32.10, 34.80, 0.00
2013-04-19 14:10:43,411,1366405843.411000,32.10, 34.50, 0.00
2013-04-19 14:10:44,473,1366405844.474000,32.10, 35.10, 0.00
2013-04-19 14:10:45,532,1366405845.533000,32.10, 35.10, 0.00
2013-04-19 14:10:46,584,1366405846.584000,32.20, 35.10, 0.00
2013-04-19 14:10:47,660,1366405847.660000,32.20, 34.80, 0.00
2013-04-19 14:10:48,744,1366405848.745000,32.20, 34.80, 0.31
2013-04-19 14:10:49,805,1366405849.805000,32.20, 35.10, 0.00
2013-04-19 14:10:50,869,1366405850.870000,32.30, 35.10, 0.00
2013-04-19 14:10:51,940,1366405851.941000,32.30, 34.80, 0.00
2013-04-19 14:10:53,002,1366405853.002000,32.30, 35.10, 0.00
2013-04-19 14:10:54,069,1366405854.070000,32.30, 35.10, 0.00
2013-04-19 14:10:55,132,1366405855.133000,32.40, 35.10, 0.00
2013-04-19 14:10:56,197,1366405856.197000,32.40, 35.10, 0.00
2013-04-19 14:10:57,266,1366405857.267000,32.40, 35.10, 0.00
2013-04-19 14:10:58,332,1366405858.333000,32.40, 35.10, 0.00
2013-04-19 14:10:59,395,1366405859.396000,32.40, 35.10, 0.00
2013-04-19 14:11:00,460,1366405860.461000,32.50, 35.10, 0.00
2013-04-19 14:11:01,526,1366405861.526000,32.50, 35.10, 0.00
2013-04-19 14:11:02,588,1366405862.589000,32.50, 35.40, 0.00
2013-04-19 14:11:03,654,1366405863.655000,32.50, 35.10, 0.00
2013-04-19 14:11:04,717,1366405864.718000,32.60, 35.10, 0.00
2013-04-19 14:11:05,782,1366405865.782000,32.60, 35.10, 0.00
2013-04-19 14:11:06,848,1366405866.849000,32.60, 35.40, 0.00
2013-04-19 14:11:07,915,1366405867.916000,32.60, 35.40, 0.00
2013-04-19 14:11:08,971,1366405868.972000,32.60, 35.40, 0.00
2013-04-19 14:11:10,039,1366405870.039000,32.70, 35.40, 0.00
2013-04-19 14:11:11,107,1366405871.107000,32.70, 35.40, 0.00
2013-04-19 14:11:12,174,1366405872.174000,32.70, 35.40, 0.00
2013-04-19 14:11:13,239,1366405873.239000,32.70, 35.40, 0.00
2013-04-19 14:11:14,299,1366405874.300000,32.70, 35.40, 0.00
2013-04-19 14:11:15,367,1366405875.367000,32.80, 35.70, 0.00
2013-04-19 14:11:16,437,1366405876.437000,32.80, 35.40, 0.00
2013-04-19 14:11:17,505,1366405877.505000,32.80, 35.70, 0.00
2013-04-19 14:11:18,569,1366405878.570000,32.80, 35.70, 0.00
2013-04-19 14:11:19,632,1366405879.633000,32.90, 35.70, 0.00
2013-04-19 14:11:20,698,1366405880.699000,32.90, 35.70, 0.00
2013-04-19 14:11:21,766,1366405881.767000,32.90, 35.40, 0.00
2013-04-19 14:11:22,832,1366405882.832000,32.90, 35.70, 0.00
2013-04-19 14:11:23,898,1366405883.898000,32.90, 35.70, 0.00
2013-04-19 14:11:25,076,1366405885.077000,33.00, 35.40, 0.00
2013-04-19 14:11:26,368,1366405886.369000,33.00, 35.70, 0.00
2013-04-19 14:11:27,660,1366405887.660000,33.00, 35.70, 0.00
2013-04-19 14:11:28,724,1366405888.725000,33.00, 35.70, 0.00
2013-04-19 14:11:29,904,1366405889.905000,33.00, 36.00, 0.00
2013-04-19 14:11:30,967,1366405890.968000,33.10, 35.70, 0.00
2013-04-19 14:11:32,035,1366405892.035000,33.10, 35.70, 0.00
2013-04-19 14:11:33,250,1366405893.250000,33.10, 35.70, 0.00
2013-04-19 14:11:34,487,1366405894.488000,33.10, 35.70, 0.00
2013-04-19 14:11:35,846,1366405895.847000,33.20, 36.00, 0.00
2013-04-19 14:11:37,049,1366405897.049000,33.20, 35.70, 0.00
2013-04-19 14:11:38,509,1366405898.510000,33.20, 35.70, 0.00
2013-04-19 14:11:39,730,1366405899.730000,33.20, 36.00, 0.00
2013-04-19 14:11:40,796,1366405900.796000,33.30, 36.00, 0.00
2013-04-19 14:11:41,980,1366405901.980000,33.30, 36.00, 0.00
2013-04-19 14:11:43,134,1366405903.134000,33.30, 36.00, 0.00
2013-04-19 14:11:44,411,1366405904.412000,33.30, 36.00, 0.00
2013-04-19 14:11:45,470,1366405905.470000,33.30, 36.00, 0.00
2013-04-19 14:11:46,549,1366405906.549000,33.40, 36.30, 0.00
2013-04-19 14:11:47,608,1366405907.609000,33.40, 36.00, 0.00
2013-04-19 14:11:48,674,1366405908.675000,33.40, 36.00, 0.00
2013-04-19 14:11:49,920,1366405909.920000,33.40, 36.00, 0.00
2013-04-19 14:11:50,980,1366405910.980000,33.50, 36.30, 0.00
2013-04-19 14:11:52,118,1366405912.119000,33.50, 36.00, 0.00
2013-04-19 14:11:53,178,1366405913.179000,33.50, 36.00, 0.00
2013-04-19 14:11:54,246,1366405914.246000,33.50, 36.30, 0.00
2013-04-19 14:11:55,390,1366405915.390000,33.50, 36.00, 0.00
2013-04-19 14:11:56,648,1366405916.649000,33.60, 36.30, 0.00
2013-04-19 14:11:57,717,1366405917.718000,33.60, 36.00, 0.00
2013-04-19 14:11:59,240,1366405919.240000,33.60, 36.30, 0.00
2013-04-19 14:12:00,298,1366405920.298000,33.60, 36.30, 0.43
2013-04-19 14:12:01,867,1366405921.867000,33.70, 36.30, 0.00
2013-04-19 14:12:02,969,1366405922.969000,33.70, 36.30, 0.00
2013-04-19 14:12:04,088,1366405924.088000,33.70, 36.30, 0.00
2013-04-19 14:12:05,246,1366405925.247000,33.70, 36.30, 0.00
2013-04-19 14:12:06,312,1366405926.313000,33.70, 36.60, 0.00
2013-04-19 14:12:07,575,1366405927.575000,33.80, 36.30, 0.00
2013-04-19 14:12:08,747,1366405928.748000,33.80, 36.60, 0.00
2013-04-19 14:12:09,809,1366405929.809000,33.80, 36.60, 0.00
2013-04-19 14:12:10,868,1366405930.868000,33.80, 36.60, 0.00
2013-04-19 14:12:12,207,1366405932.207000,33.90, 36.60, 0.00
2013-04-19 14:12:13,272,1366405933.272000,33.90, 36.60, 0.00
2013-04-19 14:12:14,332,1366405934.333000,33.90, 36.60, 0.00
2013-04-19 14:12:15,395,1366405935.396000,33.90, 36.60, 0.00
2013-04-19 14:12:16,460,1366405936.460000,33.90, 36.90, 0.00
2013-04-19 14:12:17,536,1366405937.537000,34.00, 36.60, 0.00
2013-04-19 14:12:18,598,1366405938.598000,34.00, 36.30, 0.00
2013-04-19 14:12:19,755,1366405939.755000,34.00, 36.90, 0.00
2013-04-19 14:12:20,813,1366405940.814000,34.00, 36.60, 0.00
2013-04-19 14:12:21,996,1366405941.996000,34.00, 36.60, 0.00
2013-04-19 14:12:23,059,1366405943.060000,34.00, 36.90, 0.00
2013-04-19 14:12:24,246,1366405944.246000,34.10, 36.60, 0.00
2013-04-19 14:12:25,430,1366405945.430000,34.10, 36.90, 0.00
2013-04-19 14:12:26,502,1366405946.502000,34.10, 36.60, 0.00
2013-04-19 14:12:27,565,1366405947.566000,34.10, 36.90, 0.00
2013-04-19 14:12:29,038,1366405949.038000,34.10, 36.90, 0.00
2013-04-19 14:12:30,176,1366405950.176000,34.20, 36.90, 0.00
2013-04-19 14:12:31,242,1366405951.242000,34.20, 36.60, 0.00
2013-04-19 14:12:32,306,1366405952.307000,34.20, 36.90, 0.00
2013-04-19 14:12:33,367,1366405953.367000,34.20, 36.90, 0.00
2013-04-19 14:12:34,525,1366405954.525000,34.20, 36.90, 0.00
2013-04-19 14:12:35,585,1366405955.585000,34.30, 37.20, 0.00
2013-04-19 14:12:36,651,1366405956.651000,34.30, 37.20, 0.00
2013-04-19 14:12:37,828,1366405957.828000,34.30, 36.90, 0.00
2013-04-19 14:12:39,058,1366405959.058000,34.30, 36.90, 0.00
2013-04-19 14:12:40,122,1366405960.123000,34.30, 36.90, 0.00
2013-04-19 14:12:41,441,1366405961.442000,34.40, 36.90, 0.00
2013-04-19 14:12:42,506,1366405962.506000,34.40, 37.20, 0.00
2013-04-19 14:12:43,688,1366405963.689000,34.40, 36.90, 0.00
2013-04-19 14:12:44,752,1366405964.752000,34.40, 37.50, 0.00
2013-04-19 14:12:45,858,1366405965.859000,34.40, 37.20, 0.00
2013-04-19 14:12:47,068,1366405967.068000,34.50, 37.20, 0.00
2013-04-19 14:12:48,134,1366405968.134000,34.50, 37.20, 0.00
2013-04-19 14:12:49,194,1366405969.195000,34.50, 37.20, 0.00
2013-04-19 14:12:50,516,1366405970.517000,34.50, 37.20, 0.00
2013-04-19 14:12:51,581,1366405971.581000,34.50, 37.20, 0.00
2013-04-19 14:12:52,760,1366405972.761000,34.50, 37.20, 0.00
2013-04-19 14:12:53,828,1366405973.829000,34.60, 37.20, 0.00
2013-04-19 14:12:55,006,1366405975.006000,34.60, 37.50, 0.00
2013-04-19 14:12:56,065,1366405976.066000,34.60, 37.50, 0.00
2013-04-19 14:12:57,158,1366405977.159000,34.60, 37.20, 0.00
2013-04-19 14:12:58,456,1366405978.456000,34.60, 37.20, 0.00
2013-04-19 14:12:59,523,1366405979.524000,34.70, 37.20, 0.00
2013-04-19 14:13:00,589,1366405980.590000,34.70, 37.50, 0.00
2013-04-19 14:13:01,653,1366405981.653000,34.70, 37.20, 0.00
2013-04-19 14:13:02,721,1366405982.722000,34.70, 37.20, 0.00
2013-04-19 14:13:03,786,1366405983.787000,34.70, 37.50, 0.00
2013-04-19 14:13:05,137,1366405985.137000,34.80, 37.50, 0.00
2013-04-19 14:13:06,200,1366405986.200000,34.80, 37.50, 0.00
2013-04-19 14:13:07,385,1366405987.386000,34.80, 37.50, 0.00
2013-04-19 14:13:08,641,1366405988.641000,34.80, 37.50, 0.00
2013-04-19 14:13:09,832,1366405989.832000,34.80, 37.50, 0.00
2013-04-19 14:13:10,901,1366405990.902000,34.80, 37.50, 0.00
2013-04-19 14:13:12,007,1366405992.008000,34.90, 37.80, 0.00
2013-04-19 14:13:13,072,1366405993.073000,34.90, 37.50, 0.00
2013-04-19 14:13:14,119,1366405994.120000,34.90, 37.50, 0.00
2013-04-19 14:13:15,147,1366405995.147000,34.90, 37.50, 0.00
2013-04-19 14:13:16,177,1366405996.177000,34.90, 37.50, 0.00
2013-04-19 14:13:17,209,1366405997.209000,34.90, 37.80, 0.00
2013-04-19 14:13:18,243,1366405998.244000,35.00, 37.80, 0.00
2013-04-19 14:13:19,280,1366405999.281000,35.00, 37.50, 0.00
2013-04-19 14:13:20,319,1366406000.319000,35.00, 37.80, 0.00
2013-04-19 14:13:21,359,1366406001.360000,35.00, 37.80, 0.00
2013-04-19 14:13:22,401,1366406002.401000,35.00, 37.80, 0.00
2013-04-19 14:13:23,444,1366406003.445000,35.00, 37.80, 0.00
2013-04-19 14:13:24,489,1366406004.489000,35.10, 37.80, 0.00
2013-04-19 14:13:25,535,1366406005.535000,35.10, 37.80, 0.00
2013-04-19 14:13:26,581,1366406006.581000,35.10, 37.80, 0.00
2013-04-19 14:13:27,634,1366406007.634000,35.10, 38.10, 0.00
2013-04-19 14:13:28,690,1366406008.690000,35.10, 37.50, 0.00
2013-04-19 14:13:29,749,1366406009.749000,35.10, 37.80, 0.00
2013-04-19 14:13:30,812,1366406010.813000,35.20, 37.80, 0.00
2013-04-19 14:13:31,865,1366406011.865000,35.20, 38.10, 0.00
2013-04-19 14:13:32,920,1366406012.920000,35.20, 38.10, 0.00
2013-04-19 14:13:33,976,1366406013.977000,35.20, 37.80, 0.00
2013-04-19 14:13:35,026,1366406015.027000,35.20, 38.10, 0.00
2013-04-19 14:13:36,094,1366406016.094000,35.20, 37.80, 0.00
2013-04-19 14:13:37,151,1366406017.152000,35.30, 37.80, 0.00
2013-04-19 14:13:38,210,1366406018.210000,35.30, 38.10, 0.00
2013-04-19 14:13:39,259,1366406019.260000,35.30, 37.80, 0.00
2013-04-19 14:13:40,319,1366406020.320000,35.30, 37.80, 0.00
2013-04-19 14:13:41,368,1366406021.368000,35.30, 37.80, 0.00
2013-04-19 14:13:42,426,1366406022.426000,35.30, 37.80, 0.00
2013-04-19 14:13:43,520,1366406023.521000,35.40, 38.10, 0.00
2013-04-19 14:13:44,644,1366406024.644000,35.40, 38.10, 0.00
2013-04-19 14:13:45,767,1366406025.768000,35.40, 38.10, 0.00
2013-04-19 14:13:46,891,1366406026.892000,35.40, 38.10, 0.00
2013-04-19 14:13:48,016,1366406028.016000,35.40, 38.10, 0.00
2013-04-19 14:13:49,140,1366406029.140000,35.40, 38.10, 0.00
2013-04-19 14:13:50,263,1366406030.264000,35.40, 38.10, 0.00
2013-04-19 14:13:51,388,1366406031.388000,35.50, 38.10, 0.00
2013-04-19 14:13:52,513,1366406032.513000,35.50, 38.10, 0.00
2013-04-19 14:13:53,637,1366406033.637000,35.50, 38.10, 0.00
2013-04-19 14:13:54,760,1366406034.761000,35.50, 38.10, 0.00
2013-04-19 14:13:55,884,1366406035.885000,35.50, 38.10, 0.00
2013-04-19 14:13:57,009,1366406037.009000,35.60, 38.10, 0.00
2013-04-19 14:13:58,134,1366406038.134000,35.60, 38.40, 0.00
2013-04-19 14:13:59,257,1366406039.258000,35.60, 38.40, 0.00
2013-04-19 14:14:00,381,1366406040.382000,35.60, 38.10, 0.00
2013-04-19 14:14:01,506,1366406041.506000,35.60, 38.10, 0.00
2013-04-19 14:14:02,630,1366406042.630000,35.60, 38.10, 0.00
2013-04-19 14:14:03,755,1366406043.755000,35.60, 38.40, 0.00
2013-04-19 14:14:04,878,1366406044.878000,35.70, 38.40, 0.00
2013-04-19 14:14:06,002,1366406046.002000,35.70, 38.40, 0.00
2013-04-19 14:14:07,125,1366406047.126000,35.70, 38.40, 0.00
2013-04-19 14:14:08,250,1366406048.250000,35.70, 38.40, 0.00
2013-04-19 14:14:09,374,1366406049.374000,35.70, 38.40, 0.00
2013-04-19 14:14:10,499,1366406050.499000,35.80, 38.40, 0.00
2013-04-19 14:14:11,624,1366406051.624000,35.80, 38.40, 0.00
2013-04-19 14:14:12,746,1366406052.747000,35.80, 38.40, 0.00
2013-04-19 14:14:13,871,1366406053.871000,35.80, 38.40, 0.00
2013-04-19 14:14:14,994,1366406054.995000,35.80, 38.10, 0.00
2013-04-19 14:14:16,118,1366406056.119000,35.80, 38.40, 0.00
2013-04-19 14:14:17,243,1366406057.243000,35.80, 38.40, 0.00
2013-04-19 14:14:18,367,1366406058.367000,35.90, 38.40, 0.00
2013-04-19 14:14:19,490,1366406059.491000,35.90, 38.70, 0.00
2013-04-19 14:14:20,615,1366406060.615000,35.90, 38.70, 0.00
2013-04-19 14:14:21,739,1366406061.739000,35.90, 38.40, 0.00
2013-04-19 14:14:22,862,1366406062.863000,35.90, 38.10, 0.00
2013-04-19 14:14:23,986,1366406063.987000,36.00, 38.70, 0.00
2013-04-19 14:14:25,111,1366406065.111000,36.00, 38.40, 0.00
2013-04-19 14:14:26,234,1366406066.235000,36.00, 38.70, 0.00
2013-04-19 14:14:27,358,1366406067.359000,36.00, 38.40, 0.00
2013-04-19 14:14:28,490,1366406068.490000,36.00, 38.70, 0.00
2013-04-19 14:14:29,614,1366406069.614000,36.00, 38.40, 0.00
2013-04-19 14:14:30,737,1366406070.738000,36.00, 38.40, 0.00
2013-04-19 14:14:31,861,1366406071.862000,36.10, 38.70, 0.00
2013-04-19 14:14:32,986,1366406072.986000,36.10, 38.40, 0.00
2013-04-19 14:14:34,109,1366406074.110000,36.10, 38.70, 0.00
2013-04-19 14:14:35,233,1366406075.234000,36.10, 38.40, 0.00
2013-04-19 14:14:36,358,1366406076.358000,36.10, 38.40, 0.00
2013-04-19 14:14:37,480,1366406077.481000,36.10, 38.70, 0.00
2013-04-19 14:14:38,605,1366406078.605000,36.10, 38.70, 0.00
2013-04-19 14:14:39,729,1366406079.729000,36.10, 38.70, 0.00
2013-04-19 14:14:40,852,1366406080.853000,36.20, 38.70, 0.00
2013-04-19 14:14:41,976,1366406081.977000,36.20, 38.70, 0.00
2013-04-19 14:14:43,101,1366406083.101000,36.20, 38.70, 0.00
2013-04-19 14:14:44,224,1366406084.225000,36.20, 38.70, 0.00
2013-04-19 14:14:45,349,1366406085.350000,36.20, 38.70, 0.00
2013-04-19 14:14:46,473,1366406086.474000,36.20, 38.70, 0.00
2013-04-19 14:14:47,598,1366406087.598000,36.30, 38.70, 0.00
2013-04-19 14:14:48,721,1366406088.722000,36.30, 38.70, 0.00
2013-04-19 14:14:49,846,1366406089.847000,36.30, 39.00, 0.00
2013-04-19 14:14:50,970,1366406090.971000,36.30, 39.00, 0.00
2013-04-19 14:14:52,095,1366406092.095000,36.30, 39.00, 0.00
2013-04-19 14:14:53,219,1366406093.219000,36.30, 39.00, 0.00
2013-04-19 14:14:54,342,1366406094.343000,36.30, 39.00, 0.00
2013-04-19 14:14:55,467,1366406095.468000,36.40, 38.70, 0.00
2013-04-19 14:14:56,595,1366406096.595000,36.40, 39.00, 0.00
2013-04-19 14:14:57,720,1366406097.720000,36.40, 39.00, 0.00
2013-04-19 14:14:58,844,1366406098.844000,36.40, 39.00, 0.00
2013-04-19 14:14:59,967,1366406099.968000,36.40, 39.00, 0.00
2013-04-19 14:15:01,092,1366406101.093000,36.40, 39.00, 0.00
2013-04-19 14:15:02,217,1366406102.218000,36.40, 39.00, 0.00
2013-04-19 14:15:03,344,1366406103.344000,36.50, 39.00, 0.00
2013-04-19 14:15:04,469,1366406104.469000,36.50, 39.00, 0.00
2013-04-19 14:15:05,599,1366406105.600000,36.50, 39.00, 0.00
2013-04-19 14:15:06,726,1366406106.726000,36.50, 39.00, 0.00
2013-04-19 14:15:07,851,1366406107.852000,36.50, 39.30, 0.00
2013-04-19 14:15:08,979,1366406108.979000,36.50, 39.00, 0.00
2013-04-19 14:15:10,102,1366406110.103000,36.50, 39.00, 0.00
2013-04-19 14:15:11,226,1366406111.226000,36.50, 39.00, 0.00
2013-04-19 14:15:12,351,1366406112.351000,36.60, 39.00, 0.00
2013-04-19 14:15:13,474,1366406113.475000,36.60, 39.30, 0.00
2013-04-19 14:15:14,598,1366406114.599000,36.60, 39.30, 0.00
2013-04-19 14:15:15,723,1366406115.724000,36.60, 39.60, 0.00
2013-04-19 14:15:16,846,1366406116.847000,36.60, 39.30, 0.00
2013-04-19 14:15:17,970,1366406117.971000,36.60, 39.30, 0.00
2013-04-19 14:15:19,095,1366406119.095000,36.60, 39.30, 0.00
2013-04-19 14:15:20,220,1366406120.220000,36.70, 39.30, 0.00
2013-04-19 14:15:21,345,1366406121.345000,36.70, 39.00, 0.00
2013-04-19 14:15:22,469,1366406122.469000,36.70, 39.30, 0.00
2013-04-19 14:15:23,594,1366406123.594000,36.70, 39.30, 0.00
2013-04-19 14:15:24,717,1366406124.718000,36.70, 39.60, 0.00
2013-04-19 14:15:25,842,1366406125.842000,36.70, 39.30, 0.00
2013-04-19 14:15:26,966,1366406126.966000,36.70, 39.30, 0.00
2013-04-19 14:15:28,091,1366406128.091000,36.70, 39.60, 0.00
2013-04-19 14:15:29,214,1366406129.215000,36.80, 39.30, 0.00
2013-04-19 14:15:30,338,1366406130.339000,36.80, 39.30, 0.00
2013-04-19 14:15:31,463,1366406131.464000,36.80, 39.30, 0.00
2013-04-19 14:15:32,586,1366406132.587000,36.80, 39.60, 0.00
2013-04-19 14:15:33,711,1366406133.712000,36.80, 39.30, 0.00
2013-04-19 14:15:34,835,1366406134.835000,36.80, 39.30, 0.00
2013-04-19 14:15:35,960,1366406135.960000,36.80, 39.60, 0.00
2013-04-19 14:15:37,082,1366406137.083000,36.80, 39.60, 0.00
2013-04-19 14:15:38,209,1366406138.209000,36.90, 39.30, 0.00
2013-04-19 14:15:39,332,1366406139.333000,36.90, 39.60, 0.00
2013-04-19 14:15:40,457,1366406140.457000,36.90, 39.60, 0.00
2013-04-19 14:15:41,579,1366406141.580000,36.90, 39.30, 0.00
2013-04-19 14:15:42,703,1366406142.704000,36.90, 39.30, 0.00
2013-04-19 14:15:43,828,1366406143.828000,36.90, 39.60, 0.00
2013-04-19 14:15:44,953,1366406144.953000,36.90, 39.60, 0.00
2013-04-19 14:15:46,076,1366406146.077000,36.90, 39.60, 0.00
2013-04-19 14:15:47,200,1366406147.200000,37.00, 39.60, 0.00
2013-04-19 14:15:48,325,1366406148.325000,37.00, 39.60, 0.00
2013-04-19 14:15:49,450,1366406149.450000,37.00, 39.60, 0.00
2013-04-19 14:15:50,572,1366406150.573000,37.00, 39.30, 0.00
2013-04-19 14:15:51,697,1366406151.698000,37.00, 39.60, 0.00
2013-04-19 14:15:52,822,1366406152.822000,37.00, 39.30, 0.00
2013-04-19 14:15:53,946,1366406153.946000,37.00, 39.60, 0.00
2013-04-19 14:15:55,071,1366406155.071000,37.00, 39.90, 0.00
2013-04-19 14:15:56,194,1366406156.195000,37.10, 39.60, 0.00
2013-04-19 14:15:57,319,1366406157.319000,37.10, 39.90, 0.00
2013-04-19 14:15:58,443,1366406158.443000,37.10, 39.90, 0.00
2013-04-19 14:15:59,566,1366406159.567000,37.10, 39.60, 0.00
2013-04-19 14:16:00,690,1366406160.691000,37.10, 39.60, 0.00
2013-04-19 14:16:01,815,1366406161.815000,37.10, 39.60, 0.00
2013-04-19 14:16:02,940,1366406162.941000,37.10, 39.60, 0.00
2013-04-19 14:16:04,065,1366406164.066000,37.10, 39.60, 0.00
2013-04-19 14:16:05,141,1366406165.142000,37.20, 39.60, 0.00
2013-04-19 14:16:06,170,1366406166.170000,37.20, 39.90, 0.00
2013-04-19 14:16:07,200,1366406167.201000,37.20, 39.60, 0.00
2013-04-19 14:16:08,233,1366406168.234000,37.20, 39.90, 0.00
2013-04-19 14:16:09,267,1366406169.268000,37.20, 39.90, 0.00
2013-04-19 14:16:10,305,1366406170.305000,37.20, 39.60, 0.00
2013-04-19 14:16:11,345,1366406171.346000,37.20, 39.60, 0.00
2013-04-19 14:16:12,385,1366406172.386000,37.20, 39.90, 0.00
2013-04-19 14:16:13,427,1366406173.428000,37.20, 39.90, 0.00
2013-04-19 14:16:14,470,1366406174.470000,37.30, 39.60, 0.00
2013-04-19 14:16:15,513,1366406175.514000,37.30, 39.60, 0.00
2013-04-19 14:16:16,562,1366406176.562000,37.30, 39.90, 0.00
2013-04-19 14:16:17,611,1366406177.611000,37.30, 39.90, 0.00
2013-04-19 14:16:18,664,1366406178.664000,37.30, 39.60, 0.00
2013-04-19 14:16:19,716,1366406179.716000,37.30, 39.90, 0.00
2013-04-19 14:16:20,779,1366406180.780000,37.30, 39.60, 0.00
2013-04-19 14:16:21,829,1366406181.830000,37.30, 40.20, 0.00
2013-04-19 14:16:22,884,1366406182.884000,37.30, 39.90, 0.00
2013-04-19 14:16:23,944,1366406183.944000,37.40, 39.90, 0.00
2013-04-19 14:16:24,989,1366406184.989000,37.40, 39.90, 0.00
2013-04-19 14:16:26,029,1366406186.030000,37.40, 39.90, 0.00
2013-04-19 14:16:27,101,1366406187.101000,37.40, 39.90, 0.00
2013-04-19 14:16:28,167,1366406188.167000,37.40, 40.20, 0.00
2013-04-19 14:16:29,243,1366406189.243000,37.40, 40.20, 0.00
2013-04-19 14:16:30,305,1366406190.306000,37.40, 39.90, 0.00
2013-04-19 14:16:31,371,1366406191.372000,37.40, 39.90, 0.00
2013-04-19 14:16:32,434,1366406192.435000,37.50, 40.20, 0.00
2013-04-19 14:16:33,502,1366406193.502000,37.50, 39.90, 0.00
2013-04-19 14:16:34,546,1366406194.547000,37.50, 40.20, 0.00
2013-04-19 14:16:35,585,1366406195.585000,37.50, 39.90, 0.00
2013-04-19 14:16:36,622,1366406196.623000,37.50, 40.20, 0.00
2013-04-19 14:16:37,661,1366406197.661000,37.50, 40.20, 0.00
2013-04-19 14:16:38,698,1366406198.699000,37.50, 40.20, 0.00
2013-04-19 14:16:39,736,1366406199.737000,37.50, 39.90, 0.00
2013-04-19 14:16:40,775,1366406200.775000,37.50, 39.90, 0.00
2013-04-19 14:16:41,812,1366406201.813000,37.50, 40.20, 0.00
2013-04-19 14:16:42,851,1366406202.852000,37.60, 39.90, 0.00
2013-04-19 14:16:43,890,1366406203.890000,37.60, 39.90, 0.00
2013-04-19 14:16:44,928,1366406204.929000,37.60, 39.90, 0.00
2013-04-19 14:16:45,967,1366406205.967000,37.60, 40.20, 0.00
2013-04-19 14:16:47,005,1366406207.005000,37.60, 40.20, 0.00
2013-04-19 14:16:48,043,1366406208.044000,37.60, 40.20, 0.00
2013-04-19 14:16:49,082,1366406209.082000,37.60, 40.20, 0.00
2013-04-19 14:16:50,119,1366406210.120000,37.60, 40.20, 0.00
2013-04-19 14:16:51,157,1366406211.158000,37.60, 40.20, 0.00
2013-04-19 14:16:52,196,1366406212.196000,37.70, 40.20, 0.00
2013-04-19 14:16:53,233,1366406213.234000,37.70, 40.20, 0.00
2013-04-19 14:16:54,272,1366406214.272000,37.70, 40.20, 0.00
2013-04-19 14:16:55,311,1366406215.311000,37.70, 40.20, 0.00
2013-04-19 14:16:56,348,1366406216.349000,37.70, 40.50, 0.00
2013-04-19 14:16:57,387,1366406217.387000,37.70, 40.20, 0.00
2013-04-19 14:16:58,424,1366406218.425000,37.70, 40.20, 0.00
2013-04-19 14:16:59,463,1366406219.463000,37.70, 40.20, 0.00
2013-04-19 14:17:00,500,1366406220.501000,37.70, 40.50, 0.00
2013-04-19 14:17:01,539,1366406221.539000,37.80, 40.20, 0.00
2013-04-19 14:17:02,576,1366406222.577000,37.80, 40.50, 0.00
2013-04-19 14:17:03,615,1366406223.615000,37.80, 40.20, 0.00
2013-04-19 14:17:04,654,1366406224.654000,37.80, 40.20, 0.00
2013-04-19 14:17:05,693,1366406225.693000,37.80, 40.20, 0.00
2013-04-19 14:17:06,730,1366406226.731000,37.80, 40.20, 0.00
2013-04-19 14:17:07,769,1366406227.769000,37.80, 40.50, 0.00
2013-04-19 14:17:08,806,1366406228.807000,37.80, 40.50, 0.00
2013-04-19 14:17:09,845,1366406229.846000,37.80, 40.20, 0.00
2013-04-19 14:17:10,884,1366406230.885000,37.80, 40.20, 0.00
2013-04-19 14:17:11,923,1366406231.923000,37.90, 40.20, 0.00
2013-04-19 14:17:12,960,1366406232.961000,37.90, 40.20, 0.00
2013-04-19 14:17:13,999,1366406233.999000,37.90, 40.20, 0.00
2013-04-19 14:17:15,038,1366406235.038000,37.90, 40.50, 0.00
2013-04-19 14:17:16,076,1366406236.077000,37.90, 40.50, 0.00
2013-04-19 14:17:17,115,1366406237.115000,37.90, 40.50, 0.00
2013-04-19 14:17:18,153,1366406238.153000,37.90, 40.50, 0.00
2013-04-19 14:17:19,190,1366406239.191000,37.90, 40.50, 0.00
2013-04-19 14:17:20,229,1366406240.229000,37.90, 40.50, 0.00
2013-04-19 14:17:21,266,1366406241.267000,38.00, 40.80, 0.00
2013-04-19 14:17:22,305,1366406242.305000,38.00, 40.50, 0.00
2013-04-19 14:17:23,344,1366406243.344000,38.00, 40.50, 0.00
2013-04-19 14:17:24,381,1366406244.382000,38.00, 40.20, 0.00
2013-04-19 14:17:25,420,1366406245.420000,38.00, 40.50, 0.00
2013-04-19 14:17:26,457,1366406246.458000,38.00, 40.50, 0.00
2013-04-19 14:17:27,496,1366406247.496000,38.00, 40.50, 0.00
2013-04-19 14:17:28,533,1366406248.534000,38.00, 40.80, 0.00
2013-04-19 14:17:29,572,1366406249.572000,38.00, 40.50, 0.00
2013-04-19 14:17:30,609,1366406250.610000,38.10, 40.50, 0.00
2013-04-19 14:17:31,648,1366406251.648000,38.10, 40.50, 0.00
2013-04-19 14:17:32,687,1366406252.687000,38.10, 40.50, 0.00
2013-04-19 14:17:33,729,1366406253.729000,38.10, 40.50, 0.00
2013-04-19 14:17:34,766,1366406254.767000,38.10, 40.80, 0.00
2013-04-19 14:17:35,805,1366406255.805000,38.10, 40.80, 0.00
2013-04-19 14:17:36,842,1366406256.843000,38.10, 40.80, 0.00
2013-04-19 14:17:37,881,1366406257.881000,38.10, 40.50, 0.00
2013-04-19 14:17:38,918,1366406258.919000,38.10, 40.50, 0.00
2013-04-19 14:17:39,957,1366406259.958000,38.10, 40.50, 0.00
2013-04-19 14:17:40,996,1366406260.996000,38.20, 40.80, 0.00
2013-04-19 14:17:42,033,1366406262.034000,38.20, 40.80, 0.00
2013-04-19 14:17:43,072,1366406263.072000,38.20, 40.50, 0.00
2013-04-19 14:17:44,109,1366406264.110000,38.20, 40.80, 0.00
2013-04-19 14:17:45,148,1366406265.148000,38.20, 40.50, 0.00
2013-04-19 14:17:46,186,1366406266.186000,38.20, 40.80, 0.00
2013-04-19 14:17:47,223,1366406267.224000,38.20, 40.50, 0.29
2013-04-19 14:17:48,262,1366406268.262000,38.20, 40.80, 0.00
2013-04-19 14:17:49,299,1366406269.300000,38.20, 40.80, 0.00
2013-04-19 14:17:50,338,1366406270.338000,38.20, 40.80, 0.00
2013-04-19 14:17:51,375,1366406271.376000,38.20, 40.80, 0.00
2013-04-19 14:17:52,414,1366406272.414000,38.30, 41.10, 0.00
2013-04-19 14:17:53,451,1366406273.452000,38.30, 40.80, 0.00
2013-04-19 14:17:54,490,1366406274.490000,38.30, 40.80, 0.00
2013-04-19 14:17:55,528,1366406275.528000,38.30, 40.50, 0.00
2013-04-19 14:17:56,565,1366406276.566000,38.30, 40.50, 0.00
2013-04-19 14:17:57,605,1366406277.605000,38.30, 40.80, 0.00
2013-04-19 14:17:58,642,1366406278.643000,38.30, 40.80, 0.00
2013-04-19 14:17:59,680,1366406279.681000,38.30, 40.80, 0.00
2013-04-19 14:18:00,719,1366406280.719000,38.30, 40.80, 0.00
2013-04-19 14:18:01,757,1366406281.758000,38.30, 41.10, 0.00
2013-04-19 14:18:02,802,1366406282.802000,38.30, 41.10, 0.00
2013-04-19 14:18:03,839,1366406283.840000,38.30, 40.80, 0.00
2013-04-19 14:18:04,878,1366406284.878000,38.40, 40.80, 0.00
2013-04-19 14:18:05,915,1366406285.916000,38.40, 41.10, 0.00
2013-04-19 14:18:06,953,1366406286.954000,38.40, 41.10, 0.00
2013-04-19 14:18:07,992,1366406287.992000,38.40, 40.80, 0.00
2013-04-19 14:18:09,029,1366406289.030000,38.40, 41.10, 0.00
2013-04-19 14:18:10,068,1366406290.068000,38.40, 40.80, 0.00
2013-04-19 14:18:11,105,1366406291.106000,38.40, 40.80, 0.00
2013-04-19 14:18:12,144,1366406292.144000,38.40, 41.10, 0.00
2013-04-19 14:18:13,181,1366406293.182000,38.40, 40.80, 0.00
2013-04-19 14:18:14,220,1366406294.220000,38.50, 41.10, 0.00
2013-04-19 14:18:15,259,1366406295.259000,38.50, 41.10, 0.00
2013-04-19 14:18:16,296,1366406296.297000,38.50, 41.10, 0.00
2013-04-19 14:18:17,335,1366406297.335000,38.50, 41.10, 0.00
2013-04-19 14:18:18,372,1366406298.373000,38.50, 40.80, 0.00
2013-04-19 14:18:19,411,1366406299.411000,38.50, 40.80, 0.00
2013-04-19 14:18:20,448,1366406300.449000,38.50, 41.10, 0.00
2013-04-19 14:18:21,486,1366406301.487000,38.50, 41.10, 0.00
2013-04-19 14:18:22,525,1366406302.525000,38.50, 41.10, 0.00
2013-04-19 14:18:23,562,1366406303.563000,38.50, 41.10, 0.00
2013-04-19 14:18:24,601,1366406304.601000,38.50, 41.10, 0.00
2013-04-19 14:18:25,638,1366406305.639000,38.60, 41.10, 0.00
2013-04-19 14:18:26,677,1366406306.677000,38.60, 41.40, 0.00
2013-04-19 14:18:27,714,1366406307.715000,38.60, 41.10, 0.00
2013-04-19 14:18:28,753,1366406308.753000,38.60, 41.10, 0.00
2013-04-19 14:18:29,790,1366406309.791000,38.60, 41.10, 0.00
2013-04-19 14:18:30,828,1366406310.829000,38.60, 41.10, 0.00
2013-04-19 14:18:31,867,1366406311.867000,38.60, 40.80, 0.00
2013-04-19 14:18:32,905,1366406312.906000,38.60, 41.10, 0.00
2013-04-19 14:18:33,944,1366406313.944000,38.60, 41.10, 0.00
2013-04-19 14:18:34,982,1366406314.982000,38.60, 41.40, 0.00
2013-04-19 14:18:36,019,1366406316.020000,38.60, 41.10, 0.00
2013-04-19 14:18:37,058,1366406317.058000,38.70, 41.10, 0.00
2013-04-19 14:18:38,109,1366406318.110000,38.70, 41.10, 0.00
2013-04-19 14:18:39,148,1366406319.148000,38.70, 41.10, 0.00
2013-04-19 14:18:40,186,1366406320.186000,38.70, 41.10, 0.00
2013-04-19 14:18:41,223,1366406321.224000,38.70, 41.40, 0.00
2013-04-19 14:18:42,262,1366406322.262000,38.70, 41.40, 0.00
2013-04-19 14:18:43,299,1366406323.300000,38.70, 41.40, 0.00
2013-04-19 14:18:44,336,1366406324.337000,38.70, 41.10, 0.00
2013-04-19 14:18:45,382,1366406325.383000,38.70, 41.40, 0.00
2013-04-19 14:18:46,413,1366406326.413000,38.70, 41.10, 0.00
2013-04-19 14:18:47,444,1366406327.445000,38.70, 41.40, 0.00
2013-04-19 14:18:48,477,1366406328.478000,38.80, 41.10, 0.00
2013-04-19 14:18:49,513,1366406329.513000,38.80, 41.40, 0.00
2013-04-19 14:18:50,553,1366406330.554000,38.80, 41.40, 0.00
